name,email,gender
Dannye Feronet,dferonet0@google.com.hk,Female
Estrella Pickervance,epickervance1@pinterest.com,Female
Abie Denne,adenne2@guardian.co.uk,Male
Gerry Langcastle,glangcastle3@barnesandnoble.com,Female
Willabella Van Arsdall,wvan4@unesco.org,Female
Brigitta Prudham,bprudham5@cornell.edu,Female
Otes Brosh,obrosh6@vistaprint.com,Male
Dame Martschke,dmartschke7@cisco.com,Male
Zed Revel,zrevel8@slashdot.org,Male
Perle Chapelle,pchapelle9@ebay.com,Female
Cheri Dannohl,cdannohla@wp.com,Female
Caro Lintott,clintottb@blogs.com,Female
Reid Twelvetree,rtwelvetreec@de.vu,Male
Hilario Pomphrett,hpomphrettd@discuz.net,Male
Rosalinde Paula,rpaulae@themeforest.net,Female
Ekaterina Dilley,edilleyf@digg.com,Female
Melosa Gillatt,mgillattg@ihg.com,Female
Ramona Vyse,rvyseh@youtu.be,Non-binary
Sally Greenleaf,sgreenleafi@ted.com,Female
Kath Gundrey,kgundreyj@mapy.cz,Female
Garek Cansdill,gcansdillk@youtu.be,Non-binary
Kiah Salle,ksallel@npr.org,Female
Jervis Wakeley,jwakeleym@cargocollective.com,Male
Cameron Tebbett,ctebbettn@etsy.com,Male
Elle Reveley,ereveleyo@bloglines.com,Agender
Renaldo Simone,rsimonep@bloglovin.com,Male
Marti Kimbling,mkimblingq@behance.net,Female
Temple Budgett,tbudgettr@acquirethisname.com,Male
Kendrick Avrahm,kavrahms@alibaba.com,Bigender
Olivier Ubee,oubeet@dropbox.com,Male
Sande Yakunikov,syakunikovu@redcross.org,Female
Richmound Kuhlen,rkuhlenv@bloomberg.com,Male
Bab Livesey,bliveseyw@vk.com,Female
Tracee Shearme,tshearmex@jalbum.net,Female
Hugh Nesterov,hnesterovy@pagesperso-orange.fr,Bigender
Allister Ciardo,aciardoz@tripadvisor.com,Male
Candice Luffman,cluffman10@acquirethisname.com,Female
Gaelan Scotts,gscotts11@blogspot.com,Male
Rance Heistermann,rheistermann12@myspace.com,Male
Francisca Lewens,flewens13@hubpages.com,Female
Jaymee Pruckner,jpruckner14@walmart.com,Female
Hart Antuk,hantuk15@weibo.com,Male
Tallie Scobie,tscobie16@fc2.com,Female
Hamish Sebastian,hsebastian17@edublogs.org,Male
Wilhelmine Normanvell,wnormanvell18@wufoo.com,Female
Gavin Twigg,gtwigg19@slate.com,Male
Rochelle Ingledow,ringledow1a@amazon.com,Non-binary
Dorene Paradise,dparadise1b@so-net.ne.jp,Female
Rozanne Elmore,relmore1c@edublogs.org,Female
Lu Shires,lshires1d@pagesperso-orange.fr,Female
Bessie Grimsey,bgrimsey1e@wsj.com,Female
Arnie Cornhill,acornhill1f@elegantthemes.com,Male
Odey Salmoni,osalmoni1g@cam.ac.uk,Male
Robinette De Bruyne,rde1h@toplist.cz,Female
Gasper Kilfoyle,gkilfoyle1i@tiny.cc,Male
Martin Kovacs,mkovacs1j@phoca.cz,Non-binary
Estel Skelhorn,eskelhorn1k@seattletimes.com,Female
Caro Hansard,chansard1l@over-blog.com,Female
Prescott Satterthwaite,psatterthwaite1m@ask.com,Male
Danielle Batterbee,dbatterbee1n@umn.edu,Female
Noah Rodenburgh,nrodenburgh1o@techcrunch.com,Male
Keriann Filppetti,kfilppetti1p@dion.ne.jp,Female
Deana Hair,dhair1q@mapy.cz,Agender
Bobinette Kingett,bkingett1r@networkadvertising.org,Female
Zuzana Tallyn,ztallyn1s@angelfire.com,Female
Geno Dauby,gdauby1t@vimeo.com,Male
Abrahan Floyde,afloyde1u@un.org,Male
Christel Rogerot,crogerot1v@fastcompany.com,Female
Gaultiero Stiell,gstiell1w@scribd.com,Male
Babita Pile,bpile1x@fda.gov,Female
Steffie Breazeall,sbreazeall1y@constantcontact.com,Female
Kare Liff,kliff1z@amazon.co.jp,Female
Taddeusz Tebbe,ttebbe20@artisteer.com,Male
Rosaleen Deverell,rdeverell21@yellowbook.com,Female
Nina Ffrench,nffrench22@google.de,Female
Merrielle Masurel,mmasurel23@purevolume.com,Female
Gabi Lafay,glafay24@china.com.cn,Female
Grover Ord,gord25@mit.edu,Male
Alic Kerr,akerr26@utexas.edu,Male
Rosamund Bernette,rbernette27@alibaba.com,Female
Reynolds Fautley,rfautley28@netvibes.com,Male
Alverta Alcock,aalcock29@shop-pro.jp,Female
Lorette Deackes,ldeackes2a@360.cn,Female
Ber Cruces,bcruces2b@sphinn.com,Male
Regan McKyrrelly,rmckyrrelly2c@telegraph.co.uk,Male
Gavin Dinis,gdinis2d@discuz.net,Male
Ira Shade,ishade2e@nature.com,Male
Meredeth Troake,mtroake2f@kickstarter.com,Genderfluid
Ardyce Jaquin,ajaquin2g@1688.com,Female
Turner Hurche,thurche2h@imgur.com,Male
Anallise Capstaff,acapstaff2i@cam.ac.uk,Female
Rana Blucher,rblucher2j@abc.net.au,Female
Monte Vittet,mvittet2k@nature.com,Male
Benetta Sorbie,bsorbie2l@fda.gov,Female
Ashby Keese,akeese2m@ovh.net,Male
Neill Magner,nmagner2n@umich.edu,Male
Farleigh Georgius,fgeorgius2o@elpais.com,Male
Corinne Stoate,cstoate2p@nytimes.com,Female
Yoshiko Draisey,ydraisey2q@weibo.com,Female
Rosemarie Barajas,rbarajas2r@people.com.cn,Female
Rodger Dionisetto,rdionisetto2s@netvibes.com,Male
Eunice Kirton,ekirton2t@pen.io,Female
Valaria Skures,vskures2u@thetimes.co.uk,Female
Charity O'Henery,cohenery2v@youtube.com,Female
Timmie Zealander,tzealander2w@slate.com,Female
Karon Bowton,kbowton2x@storify.com,Genderfluid
Dougie Farnie,dfarnie2y@seesaa.net,Male
Vidovik Lages,vlages2z@google.cn,Male
Borg Monro,bmonro30@mayoclinic.com,Male
Karmen Gates,kgates31@unc.edu,Female
Jilly Rotham,jrotham32@newyorker.com,Female
Aubrette Moxon,amoxon33@phoca.cz,Female
Corinna Matthews,cmatthews34@angelfire.com,Female
Nicolis Mabbot,nmabbot35@gmpg.org,Male
Jacobo Oxbury,joxbury36@uol.com.br,Male
Jesselyn Oldridge,joldridge37@virginia.edu,Female
Royal Grindley,rgrindley38@apache.org,Male
Clevie Mountney,cmountney39@cmu.edu,Male
Isis Lovel,ilovel3a@ed.gov,Female
Marina Latty,mlatty3b@cisco.com,Female
Devinne Brimicombe,dbrimicombe3c@redcross.org,Female
Florence De Beauchamp,fde3d@paypal.com,Female
Fremont Foxon,ffoxon3e@flavors.me,Male
Elle Tomley,etomley3f@marriott.com,Female
Carey Laird,claird3g@youku.com,Male
Lennie MacCague,lmaccague3h@apache.org,Male
Henrieta Sans,hsans3i@spotify.com,Female
Errol Ellicombe,eellicombe3j@google.com.hk,Male
Fraze Longstreet,flongstreet3k@reverbnation.com,Male
Virgil Morcom,vmorcom3l@usa.gov,Male
Carolin Ellesworthe,cellesworthe3m@blogs.com,Female
Jocelyn Densham,jdensham3n@wired.com,Female
Cicily Shaw,cshaw3o@timesonline.co.uk,Female
Rebeka Konrad,rkonrad3p@google.com,Female
Johny Eyton,jeyton3q@eventbrite.com,Male
Rafaello Teulier,rteulier3r@lycos.com,Male
Ly Rushsorth,lrushsorth3s@jalbum.net,Male
Alisander Gerrietz,agerrietz3t@fotki.com,Male
Cassaundra Crowche,ccrowche3u@discuz.net,Bigender
Gallard Pickervance,gpickervance3v@mac.com,Male
Pen Senett,psenett3w@nsw.gov.au,Female
Kevan Gilliam,kgilliam3x@newsvine.com,Male
Morty Bednall,mbednall3y@hatena.ne.jp,Male
Hermann Lesaunier,hlesaunier3z@reverbnation.com,Male
Aksel Twinbourne,atwinbourne40@bloomberg.com,Male
Karie Torra,ktorra41@weebly.com,Female
Rhett Antonov,rantonov42@tinypic.com,Bigender
Marylin Marrable,mmarrable43@newyorker.com,Female
Madelaine Greenway,mgreenway44@cam.ac.uk,Genderqueer
Bondie Dudding,bdudding45@wikipedia.org,Male
Rudd McConway,rmcconway46@timesonline.co.uk,Male
Nelli Gaddas,ngaddas47@fastcompany.com,Female
Eliza Smurthwaite,esmurthwaite48@who.int,Non-binary
Jerrie Loggie,jloggie49@list-manage.com,Female
Andromache Bercevelo,abercevelo4a@google.com,Female
Horacio Mostin,hmostin4b@istockphoto.com,Male
Muffin Cabral,mcabral4c@blinklist.com,Female
Merrile Dachey,mdachey4d@desdev.cn,Female
Jorie Dureden,jdureden4e@thetimes.co.uk,Female
Kenna Anthona,kanthona4f@pen.io,Female
Garrott Ducastel,gducastel4g@ovh.net,Polygender
Dyane Brogi,dbrogi4h@wufoo.com,Female
Kain Reaney,kreaney4i@google.cn,Male
Norbert Rowlands,nrowlands4j@weibo.com,Male
Con Balsdon,cbalsdon4k@chronoengine.com,Female
Bernadine Ody,body4l@about.com,Female
Hernando Bewshea,hbewshea4m@pinterest.com,Male
Fairleigh Varian,fvarian4n@livejournal.com,Male
Isador Wayte,iwayte4o@businessinsider.com,Genderfluid
Herb Disbrey,hdisbrey4p@tiny.cc,Male
Paule Lovelady,plovelady4q@nyu.edu,Female
Clemmy Herkess,cherkess4r@oaic.gov.au,Male
Erek Hukin,ehukin4s@time.com,Male
Pierce Inggall,pinggall4t@cnn.com,Male
Helli McBrier,hmcbrier4u@ted.com,Female
Gerrard Henkens,ghenkens4v@engadget.com,Genderqueer
Carmelina Myrkus,cmyrkus4w@cbslocal.com,Bigender
Mario Bordiss,mbordiss4x@com.com,Male
Ailey Fantin,afantin4y@cnn.com,Female
Rosanne Miskimmon,rmiskimmon4z@addthis.com,Female
Parke Puttergill,pputtergill50@typepad.com,Male
Auguste Sturdy,asturdy51@wordpress.com,Female
Clim Rouff,crouff52@boston.com,Male
Ernestine Ovett,eovett53@webs.com,Female
Gale Cosbee,gcosbee54@devhub.com,Female
Farrah Letson,fletson55@so-net.ne.jp,Female
Marni Daintier,mdaintier56@gizmodo.com,Female
Inge Hulle,ihulle57@cloudflare.com,Female
Melina Pietzke,mpietzke58@youtube.com,Female
Jefferey Plewes,jplewes59@guardian.co.uk,Male
Fidole Merriott,fmerriott5a@liveinternet.ru,Male
Errick Noades,enoades5b@lulu.com,Male
Law Wankel,lwankel5c@java.com,Male
Anthiathia Coultass,acoultass5d@pcworld.com,Female
Seamus Bickmore,sbickmore5e@fema.gov,Male
Juliette Iowarch,jiowarch5f@booking.com,Female
Crystal Grafham,cgrafham5g@hubpages.com,Female
Izaak Keedy,ikeedy5h@fema.gov,Male
Quinn Eisak,qeisak5i@ehow.com,Male
Raine Boynton,rboynton5j@slashdot.org,Female
Reynold Graalmans,rgraalmans5k@odnoklassniki.ru,Male
Sallyann Obray,sobray5l@google.co.uk,Female
Jobyna Clinnick,jclinnick5m@ucsd.edu,Female
Mag Perford,mperford5n@cnbc.com,Female
Catlee McGreal,cmcgreal5o@ask.com,Female
Bell Sprankling,bsprankling5p@sun.com,Female
Reilly Meo,rmeo5q@last.fm,Male
Felicity Aizkovitch,faizkovitch5r@who.int,Female
Robinett Maddocks,rmaddocks5s@dion.ne.jp,Female
Val Carlin,vcarlin5t@constantcontact.com,Male
Clarine Eilers,ceilers5u@usa.gov,Female
Cristin Raffan,craffan5v@google.de,Female
Fransisco Ivain,fivain5w@bravesites.com,Male
Nerta Pratt,npratt5x@over-blog.com,Female
Coreen Benjafield,cbenjafield5y@php.net,Female
Tanya Erington,terington5z@spotify.com,Female
Nestor Dyke,ndyke60@etsy.com,Male
Mona Fluck,mfluck61@yolasite.com,Female
Sherwood Blenkinsop,sblenkinsop62@nsw.gov.au,Male
Cloe Hesbrook,chesbrook63@tinypic.com,Female
Ame Lovitt,alovitt64@nba.com,Female
Corabella Quigg,cquigg65@over-blog.com,Female
Dov Quiney,dquiney66@mashable.com,Male
Petey Torrisi,ptorrisi67@infoseek.co.jp,Male
Dion Routham,droutham68@vinaora.com,Male
Merwin Armstead,marmstead69@umn.edu,Polygender
Thaddeus Lates,tlates6a@ehow.com,Male
Lurette Dockwray,ldockwray6b@si.edu,Female
Saunderson Order,sorder6c@yelp.com,Male
Emmalyn Macoun,emacoun6d@blogs.com,Female
Pinchas Gilbeart,pgilbeart6e@weather.com,Male
Anette Farquhar,afarquhar6f@diigo.com,Female
Gussy Caselick,gcaselick6g@php.net,Female
Zita Ibanez,zibanez6h@wisc.edu,Female
Jocelyne Arnow,jarnow6i@smugmug.com,Female
Petra Ybarra,pybarra6j@patch.com,Female
Milka Maroney,mmaroney6k@admin.ch,Female
Barbey Stait,bstait6l@timesonline.co.uk,Female
Harwell Brussell,hbrussell6m@printfriendly.com,Male
Gelya Angerstein,gangerstein6n@google.com,Female
Deena Casoni,dcasoni6o@pbs.org,Female
Donnie Le Estut,dle6p@google.fr,Male
Berrie Shoutt,bshoutt6q@opensource.org,Female
Edan Keemar,ekeemar6r@merriam-webster.com,Male
Skippie Rogliero,srogliero6s@discuz.net,Male
Freda Lamball,flamball6t@squarespace.com,Female
Brand Querree,bquerree6u@un.org,Polygender
Bobbye Bater,bbater6v@newyorker.com,Female
Anica McGuane,amcguane6w@cargocollective.com,Female
Agnola Cone,acone6x@privacy.gov.au,Female
Archaimbaud Dorre,adorre6y@canalblog.com,Male
Marj Orteau,morteau6z@blogs.com,Female
Hedwig Raddenbury,hraddenbury70@prweb.com,Female
Janna Chateau,jchateau71@usnews.com,Female
Lavinia Hallagan,lhallagan72@howstuffworks.com,Female
Ethelred Smorthit,esmorthit73@abc.net.au,Male
Harlen Jepp,hjepp74@purevolume.com,Male
Nickola Dunseath,ndunseath75@cbsnews.com,Male
Simonette Ranson,sranson76@photobucket.com,Female
Brier Twinn,btwinn77@networkadvertising.org,Female
Rickie Devlin,rdevlin78@last.fm,Female
Gordon Worsnup,gworsnup79@exblog.jp,Genderfluid
Clementia Castellet,ccastellet7a@sbwire.com,Polygender
Patricio Tivenan,ptivenan7b@usda.gov,Genderqueer
Onfre Marrian,omarrian7c@bigcartel.com,Male
Bessie Hinkensen,bhinkensen7d@pbs.org,Female
Ursala Lecount,ulecount7e@example.com,Female
Christian Metcalfe,cmetcalfe7f@imdb.com,Male
Patty Teese,pteese7g@senate.gov,Male
Cecil Isabell,cisabell7h@goodreads.com,Male
Cullie Beiderbeck,cbeiderbeck7i@twitter.com,Male
Torrey Ravelus,travelus7j@google.de,Male
Nessie Cejka,ncejka7k@rambler.ru,Genderfluid
Silvana Archbutt,sarchbutt7l@earthlink.net,Female
Lin De Andisie,lde7m@deliciousdays.com,Male
Alejandrina Jaan,ajaan7n@tuttocitta.it,Female
Lynnett Melton,lmelton7o@tinyurl.com,Bigender
Birgitta Corkel,bcorkel7p@irs.gov,Female
Gretna Duckels,gduckels7q@opera.com,Agender
Celestina Giacobini,cgiacobini7r@sourceforge.net,Female
Alfie Tuminelli,atuminelli7s@google.co.uk,Male
Siusan Loomis,sloomis7t@etsy.com,Female
Trip Gowthorpe,tgowthorpe7u@dion.ne.jp,Male
Vite Howbrook,vhowbrook7v@sourceforge.net,Male
Georgia Dunrige,gdunrige7w@businessweek.com,Female
Nataniel Oddie,noddie7x@elegantthemes.com,Male
Elizabet Bassil,ebassil7y@hhs.gov,Female
Adolpho Tonner,atonner7z@uiuc.edu,Male
Brandy Fairbanks,bfairbanks80@google.ca,Male
Hedy Woodvine,hwoodvine81@time.com,Agender
Reinaldos Hiscoke,rhiscoke82@privacy.gov.au,Male
Wilek Ladyman,wladyman83@nifty.com,Male
Llewellyn Bogace,lbogace84@list-manage.com,Male
Morgan Gaukroger,mgaukroger85@issuu.com,Female
Khalil De Ruggiero,kde86@t.co,Male
Clarence Gaywood,cgaywood87@qq.com,Male
Shara Raddan,sraddan88@google.ru,Female
Daphne Fuchs,dfuchs89@hostgator.com,Non-binary
Solomon Kerby,skerby8a@sfgate.com,Male
June Clarke-Williams,jclarkewilliams8b@go.com,Female
Gradeigh Emanson,gemanson8c@google.co.jp,Male
Melantha Chisnall,mchisnall8d@aboutads.info,Female
Gardner Coggen,gcoggen8e@webeden.co.uk,Male
Stevie MacArthur,smacarthur8f@sciencedaily.com,Male
Susana Borrill,sborrill8g@netvibes.com,Female
Quinn Jurasz,qjurasz8h@usatoday.com,Male
Peder Berceros,pberceros8i@webmd.com,Male
Berkeley O'Hollegan,bohollegan8j@bandcamp.com,Male
Dino Compfort,dcompfort8k@reverbnation.com,Male
Coral Koles,ckoles8l@ed.gov,Female
Casandra Heisler,cheisler8m@gnu.org,Female
Raffaello Glide,rglide8n@ted.com,Bigender
Demetre Housbie,dhousbie8o@theglobeandmail.com,Male
Letisha Kither,lkither8p@purevolume.com,Female
Ced Cowie,ccowie8q@webs.com,Male
Erin Antonik,eantonik8r@pbs.org,Male
Kat Kubelka,kkubelka8s@blinklist.com,Female
Kaiser Latore,klatore8t@scribd.com,Male
Athena Balmann,abalmann8u@howstuffworks.com,Female
Damita Nicholls,dnicholls8v@businessweek.com,Female
Sloane Deboy,sdeboy8w@scientificamerican.com,Genderfluid
Midge Whittington,mwhittington8x@ovh.net,Female
Reggie Perschke,rperschke8y@desdev.cn,Male
Markos Huws,mhuws8z@liveinternet.ru,Male
Lindsy Mitham,lmitham90@google.es,Female
Jessie Lindborg,jlindborg91@indiegogo.com,Male
Linnie Harnett,lharnett92@deviantart.com,Female
Charla Wight,cwight93@state.tx.us,Female
Evelina King,eking94@cyberchimps.com,Female
Gena Bratten,gbratten95@nba.com,Female
Sebastiano Dybell,sdybell96@miitbeian.gov.cn,Male
Alec Sauniere,asauniere97@ucla.edu,Male
Rustie Ruckert,rruckert98@prnewswire.com,Agender
Major Blaschke,mblaschke99@livejournal.com,Male
Kelsey Ternault,kternault9a@123-reg.co.uk,Female
Kermit Muzzlewhite,kmuzzlewhite9b@amazon.co.jp,Male
Lombard Noad,lnoad9c@blogtalkradio.com,Male
Rosamund Cape,rcape9d@marketwatch.com,Female
Kerrin Quantrell,kquantrell9e@unicef.org,Female
Tailor Peer,tpeer9f@time.com,Male
Noelle Fishley,nfishley9g@i2i.jp,Female
Yard Lethbrig,ylethbrig9h@simplemachines.org,Male
Harmonia Fryer,hfryer9i@wiley.com,Female
Sylvan Switsur,sswitsur9j@jiathis.com,Genderfluid
Mattie Ragg,mragg9k@icio.us,Male
Lisette Acum,lacum9l@indiegogo.com,Bigender
Melany Sandon,msandon9m@ucoz.ru,Female
Joellen Lau,jlau9n@whitehouse.gov,Female
Flore Bangle,fbangle9o@wikipedia.org,Female
Rufe Terbeek,rterbeek9p@arizona.edu,Male
Cyndi Ruxton,cruxton9q@cnbc.com,Female
Jacquelyn Hickin,jhickin9r@adobe.com,Female
Pincus Sutherington,psutherington9s@craigslist.org,Male
Lynde Danielski,ldanielski9t@wufoo.com,Female
Lacy Murley,lmurley9u@weibo.com,Female
Rana Swanwick,rswanwick9v@ehow.com,Female
Carrie Diack,cdiack9w@so-net.ne.jp,Female
Erich Olivetti,eolivetti9x@berkeley.edu,Male
Waverley Crehan,wcrehan9y@nytimes.com,Male
Alia Wolseley,awolseley9z@multiply.com,Female
Vikki Sansum,vsansuma0@feedburner.com,Female
Gabie Scowcroft,gscowcrofta1@elpais.com,Genderqueer
Alika Jaggi,ajaggia2@ibm.com,Female
Gussi Binfield,gbinfielda3@people.com.cn,Female
Doralynne Muckleston,dmucklestona4@drupal.org,Female
Emmet Skeldinge,eskeldingea5@bravesites.com,Male
Moises Tinsley,mtinsleya6@ibm.com,Male
Velvet O'Shesnan,voshesnana7@admin.ch,Female
Mendel Stanbridge,mstanbridgea8@deviantart.com,Male
Wilton Holyard,wholyarda9@umn.edu,Male
Roana Surridge,rsurridgeaa@elegantthemes.com,Agender
Janaye Spraging,jspragingab@eventbrite.com,Female
Felicia Deeson,fdeesonac@mtv.com,Female
Roy Linster,rlinsterad@yandex.ru,Male
Dorian Finnick,dfinnickae@macromedia.com,Female
Patin Santos,psantosaf@chicagotribune.com,Male
Salomone Bayston,sbaystonag@ow.ly,Male
Cori Smaleman,csmalemanah@hc360.com,Female
Lee Armer,larmerai@columbia.edu,Male
Marjorie Abson,mabsonaj@gmpg.org,Female
Wilt Escreet,wescreetak@vkontakte.ru,Genderfluid
Lancelot Josipovic,ljosipovical@hostgator.com,Genderfluid
Mile MacDermot,mmacdermotam@g.co,Male
Fredericka Goff,fgoffan@china.com.cn,Female
Grethel Fritchley,gfritchleyao@amazon.de,Female
Garik Bevans,gbevansap@bandcamp.com,Polygender
Horacio Alesin,halesinaq@cdc.gov,Male
Yorke Devas,ydevasar@yale.edu,Male
Hartley Brumfield,hbrumfieldas@army.mil,Agender
Ariel Arthey,aartheyat@aboutads.info,Male
Ulberto Hall,uhallau@51.la,Male
Adelice Mandal,amandalav@ovh.net,Female
Norrie Scurry,nscurryaw@phpbb.com,Female
Raeann Wynn,rwynnax@free.fr,Female
Dorthy Saull,dsaullay@wp.com,Female
Crawford Oakenfull,coakenfullaz@addtoany.com,Male
Forester Kennington,fkenningtonb0@squarespace.com,Male
Meredithe Lebel,mlebelb1@omniture.com,Female
Shaylyn Bellhanger,sbellhangerb2@sogou.com,Female
Horatia Winn,hwinnb3@dropbox.com,Agender
Alric Ungerecht,aungerechtb4@prlog.org,Male
Brandise Spires,bspiresb5@nydailynews.com,Female
Em Benza,ebenzab6@facebook.com,Male
Phylis Caplin,pcaplinb7@naver.com,Female
Henrieta Longfellow,hlongfellowb8@umn.edu,Female
Lana Todhunter,ltodhunterb9@ted.com,Female
Tomaso Stapleford,tstaplefordba@mail.ru,Male
Merissa Warr,mwarrbb@bbb.org,Female
Dov McKinley,dmckinleybc@europa.eu,Male
Ninnette Maleby,nmalebybd@ezinearticles.com,Female
Jeanelle Ferro,jferrobe@craigslist.org,Female
Alick Cabel,acabelbf@4shared.com,Bigender
Rabbi MacCauley,rmaccauleybg@mit.edu,Male
Calv Yakovitch,cyakovitchbh@sciencedirect.com,Male
Vivianne Mariault,vmariaultbi@hexun.com,Female
Truman Stanhope,tstanhopebj@mac.com,Male
Rania Paulich,rpaulichbk@opera.com,Female
Jay Fishbourne,jfishbournebl@sakura.ne.jp,Male
Hadlee Primrose,hprimrosebm@cbc.ca,Male
Agretha Lait,alaitbn@cdbaby.com,Non-binary
Tanner Prinne,tprinnebo@deviantart.com,Male
Pauline Alliberton,pallibertonbp@twitpic.com,Female
Valaria Golland,vgollandbq@rediff.com,Female
Krispin Whittingham,kwhittinghambr@statcounter.com,Male
Colver Yuill,cyuillbs@unblog.fr,Male
Alden Insoll,ainsollbt@parallels.com,Male
Margalo Saltsberg,msaltsbergbu@e-recht24.de,Female
Karlik Lidden,kliddenbv@usatoday.com,Male
Venus Eisold,veisoldbw@mozilla.org,Polygender
Ambros Baine,abainebx@slideshare.net,Male
Jemima Gepheart,jgepheartby@networkadvertising.org,Non-binary
Harriette Jellyman,hjellymanbz@umn.edu,Female
Wilmer Finker,wfinkerc0@businessinsider.com,Genderfluid
Dorella Northbridge,dnorthbridgec1@walmart.com,Female
Che Hallmark,challmarkc2@discovery.com,Male
Farris Sapseed,fsapseedc3@sohu.com,Male
Weston Conen,wconenc4@indiegogo.com,Male
Rayner Cahalin,rcahalinc5@zdnet.com,Male
Merv Penna,mpennac6@indiegogo.com,Male
Isac Saffen,isaffenc7@tripod.com,Male
Felicle Shreeves,fshreevesc8@disqus.com,Female
Eugen Road,eroadc9@cornell.edu,Male
Dani Filkin,dfilkinca@vistaprint.com,Male
Cornelle Rochester,crochestercb@youtube.com,Female
Enrique Thoma,ethomacc@army.mil,Bigender
Weber Sarrell,wsarrellcd@wikipedia.org,Male
Delainey Cleen,dcleence@theguardian.com,Male
Garrott Mendenhall,gmendenhallcf@issuu.com,Male
Norina Spurret,nspurretcg@mozilla.com,Female
Shaylah Fairlamb,sfairlambch@behance.net,Female
Banky Taplin,btaplinci@list-manage.com,Male
Fancie Pechell,fpechellcj@disqus.com,Female
Bennett Kynaston,bkynastonck@wordpress.org,Male
Hollie Tillyer,htillyercl@wisc.edu,Female
Matias Blint,mblintcm@github.io,Male
Julee Casebourne,jcasebournecn@etsy.com,Female
Ardisj Fitzhenry,afitzhenryco@oracle.com,Female
Elise Minguet,eminguetcp@va.gov,Female
Cacilia Voelker,cvoelkercq@nationalgeographic.com,Female
Aksel Rundle,arundlecr@state.tx.us,Male
Sigmund Matanin,smatanincs@timesonline.co.uk,Male
Ignace Apple,iapplect@sitemeter.com,Male
Broddie Tambling,btamblingcu@canalblog.com,Male
Karoly Skilton,kskiltoncv@fastcompany.com,Bigender
Yvonne Zanni,yzannicw@howstuffworks.com,Female
Agnola Plumer,aplumercx@pbs.org,Non-binary
Stace Chopin,schopincy@earthlink.net,Female
Francis Leedal,fleedalcz@topsy.com,Male
Gayler Harman,gharmand0@ftc.gov,Male
Oralia Drayn,odraynd1@yale.edu,Female
Vikky Cloney,vcloneyd2@icio.us,Female
Dianna Chable,dchabled3@discovery.com,Female
Noreen Guinnane,nguinnaned4@pen.io,Genderfluid
Doralin Byne,dbyned5@facebook.com,Female
Shanna Enocksson,senockssond6@japanpost.jp,Female
Arnuad Novacek,anovacekd7@amazon.co.uk,Male
Gabriella Gravells,ggravellsd8@arstechnica.com,Female
Kiel Adamthwaite,kadamthwaited9@ycombinator.com,Genderfluid
Teodor Housen,thousenda@webnode.com,Male
Alick Fussey,afusseydb@domainmarket.com,Male
Wenonah Fenty,wfentydc@hubpages.com,Non-binary
Inge Caskie,icaskiedd@bizjournals.com,Female
Josee Gauthorpp,jgauthorppde@bluehost.com,Female
Dulci Brogden,dbrogdendf@hibu.com,Female
Avictor De Meyer,adedg@wisc.edu,Male
Tomlin Houston,thoustondh@europa.eu,Male
Dollie Melmar,dmelmardi@ifeng.com,Female
Lucky Humburton,lhumburtondj@infoseek.co.jp,Female
Fred Dalgleish,fdalgleishdk@pen.io,Male
Miguelita De la Perrelle,mdedl@bloglines.com,Female
Ludvig Baldung,lbaldungdm@spiegel.de,Male
Cordie Bumford,cbumforddn@naver.com,Male
Merla Winwood,mwinwooddo@tinyurl.com,Female
Roxie Tupie,rtupiedp@chron.com,Female
Cletis Chance,cchancedq@mediafire.com,Male
Wiatt Devenish,wdevenishdr@themeforest.net,Male
Glad Cambden,gcambdends@drupal.org,Female
Trueman Braunds,tbraundsdt@163.com,Male
Frankie Luis,fluisdu@hostgator.com,Male
Lindsy Jakubovicz,ljakuboviczdv@psu.edu,Female
Aryn Bockmann,abockmanndw@cdc.gov,Female
Darya Urwin,durwindx@bloglovin.com,Female
Lucais Fleote,lfleotedy@opera.com,Male
Westley Humphrey,whumphreydz@miitbeian.gov.cn,Male
Meryl Tilney,mtilneye0@bravesites.com,Male
Wenona Keggin,wkeggine1@oaic.gov.au,Agender
Quentin Riddiough,qriddioughe2@patch.com,Female
Jannel Sharple,jsharplee3@patch.com,Female
Lindy Culter,lcultere4@cmu.edu,Female
Maitilde Weyman,mweymane5@weebly.com,Female
Sophie Millmore,smillmoree6@quantcast.com,Female
Doralin Von Brook,dvone7@exblog.jp,Female
Wyndham Thonason,wthonasone8@umich.edu,Male
Susana Gerrie,sgerriee9@aboutads.info,Female
Ansel Hoy,ahoyea@stanford.edu,Male
Marya Iveson,mivesoneb@exblog.jp,Female
Isaiah Donavan,idonavanec@shutterfly.com,Male
Beulah Brammer,bbrammered@discuz.net,Female
Fredelia Parmenter,fparmenteree@reference.com,Female
Sumner Hallahan,shallahanef@list-manage.com,Male
Linette Roscamp,lroscampeg@xinhuanet.com,Female
Juliette Geertje,jgeertjeeh@vinaora.com,Female
Aindrea Galton,agaltonei@istockphoto.com,Female
Calley Mattiato,cmattiatoej@live.com,Female
Wynny Dethloff,wdethloffek@people.com.cn,Female
Merrill Ferschke,mferschkeel@yahoo.com,Male
Robin Conyer,rconyerem@omniture.com,Female
Hadria Brunet,hbruneten@wp.com,Female
Donella Searston,dsearstoneo@163.com,Female
Luz Fawson,lfawsonep@oracle.com,Female
Glenda Bezarra,gbezarraeq@altervista.org,Female
Blair Tinkham,btinkhamer@sciencedirect.com,Female
Ardene Bariball,abariballes@cargocollective.com,Female
Carissa Sleaford,csleafordet@yellowbook.com,Female
Rheta Dring,rdringeu@hexun.com,Female
Kermy Riccard,kriccardev@webeden.co.uk,Male
Luther Edeler,ledelerew@sciencedirect.com,Male
Florrie Mell,fmellex@altervista.org,Female
Jenica Collett,jcollettey@tumblr.com,Female
Lilith Walas,lwalasez@illinois.edu,Female
Cherye Mcimmie,cmcimmief0@dedecms.com,Female
Vincenz Tute,vtutef1@miitbeian.gov.cn,Male
Vince Cristofalo,vcristofalof2@booking.com,Male
Fritz Garnsworth,fgarnsworthf3@flavors.me,Male
Abbi Porkiss,aporkissf4@about.com,Polygender
Dede Vint,dvintf5@domainmarket.com,Female
Jillana Nolli,jnollif6@jimdo.com,Female
Terrie Rymer,trymerf7@wikia.com,Female
Selby Robelow,srobelowf8@quantcast.com,Male
Saleem Buckbee,sbuckbeef9@google.pl,Male
Barr Cars,bcarsfa@ow.ly,Male
Marlee Pillington,mpillingtonfb@macromedia.com,Polygender
Bevin Klainman,bklainmanfc@nasa.gov,Male
Lancelot Lawrinson,llawrinsonfd@cloudflare.com,Male
Angel Moulton,amoultonfe@zimbio.com,Male
Lana Fechnie,lfechnieff@oracle.com,Female
Debbi Antic,danticfg@who.int,Female
Debi Wadhams,dwadhamsfh@4shared.com,Female
Kean Took,ktookfi@buzzfeed.com,Male
Ddene Petrazzi,dpetrazzifj@europa.eu,Female
Margarita Seamer,mseamerfk@nyu.edu,Female
Tessy Potzold,tpotzoldfl@is.gd,Female
Brandi McDonand,bmcdonandfm@java.com,Female
Payton MacDunleavy,pmacdunleavyfn@ox.ac.uk,Male
Madelaine Rennenbach,mrennenbachfo@ezinearticles.com,Agender
Bernadene Commin,bcomminfp@free.fr,Female
Clifford Shark,csharkfq@forbes.com,Male
Wallache Strutley,wstrutleyfr@ehow.com,Male
Herrick Estevez,hestevezfs@apple.com,Male
Dallon Bartolomeoni,dbartolomeonift@mapquest.com,Male
Mariellen Barter,mbarterfu@dell.com,Female
Muffin Ditts,mdittsfv@chronoengine.com,Polygender
Clara Joberne,cjobernefw@uiuc.edu,Female
Lari Tudball,ltudballfx@parallels.com,Female
Onofredo Hanratty,ohanrattyfy@usa.gov,Polygender
Wenda Lethbury,wlethburyfz@si.edu,Female
Worthy Nelson,wnelsong0@ocn.ne.jp,Male
Way Mayward,wmaywardg1@blogspot.com,Male
Dulcea Coverdill,dcoverdillg2@vk.com,Polygender
Jessamine Oughton,joughtong3@storify.com,Female
Yard Jindrich,yjindrichg4@indiegogo.com,Male
Elisabet Montilla,emontillag5@slate.com,Female
Inger Woltman,iwoltmang6@discovery.com,Female
Boote Burdus,bburdusg7@topsy.com,Male
Magnum Rillatt,mrillattg8@bloglovin.com,Male
Felic Haquin,fhaquing9@reddit.com,Male
Timotheus Lindstrom,tlindstromga@salon.com,Male
Ethel Isaac,eisaacgb@dailymotion.com,Female
Jacky Stackbridge,jstackbridgegc@foxnews.com,Female
Harcourt Farren,hfarrengd@merriam-webster.com,Male
Eda Gopsall,egopsallge@meetup.com,Female
Cosetta Nanetti,cnanettigf@geocities.jp,Female
Ty Ravenscroftt,travenscrofttgg@redcross.org,Male
Barbabas Hounson,bhounsongh@topsy.com,Bigender
Lizzie Treweela,ltreweelagi@simplemachines.org,Female
Milo Bischoff,mbischoffgj@taobao.com,Genderfluid
Gonzales Challinor,gchallinorgk@tamu.edu,Male
Oswell Hawking,ohawkinggl@mapquest.com,Male
Sydney Bumpass,sbumpassgm@simplemachines.org,Female
Puff Callicott,pcallicottgn@unicef.org,Male
Mellicent Tesoe,mtesoego@sfgate.com,Female
Charlean Etches,cetchesgp@redcross.org,Female
Braden Shade,bshadegq@berkeley.edu,Male
Pascale Riddich,priddichgr@house.gov,Male
Phaedra Itzkov,pitzkovgs@yelp.com,Female
Gusella Rolin,grolingt@feedburner.com,Female
Fredra Endacott,fendacottgu@imageshack.us,Female
Andree Ambrose,aambrosegv@netlog.com,Bigender
Gordie Tubbs,gtubbsgw@nasa.gov,Male
Cheri Shakle,cshaklegx@wsj.com,Female
Oliver Perry,operrygy@infoseek.co.jp,Male
Nolan Praill,npraillgz@vkontakte.ru,Genderqueer
Waylon Cowin,wcowinh0@omniture.com,Male
Tully Gohn,tgohnh1@yolasite.com,Male
Priscilla Sara,psarah2@hatena.ne.jp,Female
Max Shiel,mshielh3@apache.org,Female
Camel Cavy,ccavyh4@baidu.com,Female
Shurwood Milsom,smilsomh5@theglobeandmail.com,Male
Morganne Yankishin,myankishinh6@epa.gov,Female
Amabel Hailwood,ahailwoodh7@ameblo.jp,Female
Kendall Landrean,klandreanh8@amazon.de,Male
Cyb Cardno,ccardnoh9@deliciousdays.com,Female
Phil Springate,pspringateha@tripod.com,Male
Arluene Bamell,abamellhb@bravesites.com,Female
Debor Maltman,dmaltmanhc@oracle.com,Female
Anatol Witton,awittonhd@live.com,Male
Ansell Bunclark,abunclarkhe@instagram.com,Male
Abe Crush,acrushhf@fema.gov,Male
Nicholas Pearl,npearlhg@usnews.com,Male
Donnie Chessor,dchessorhh@myspace.com,Male
Ulla Casarili,ucasarilihi@instagram.com,Female
Cheslie Neem,cneemhj@canalblog.com,Female
Katerina Blesli,kbleslihk@berkeley.edu,Female
Morgana Vasyanin,mvasyaninhl@hibu.com,Bigender
Belvia Muncey,bmunceyhm@a8.net,Non-binary
Elnar Barrable,ebarrablehn@google.ca,Male
Teri McGillreich,tmcgillreichho@va.gov,Female
Kalindi Sparham,ksparhamhp@friendfeed.com,Female
Sheryl Robe,srobehq@behance.net,Female
Emalee Dongall,edongallhr@zimbio.com,Female
Elwyn Blenkensop,eblenkensophs@state.tx.us,Male
Inigo Payze,ipayzeht@usgs.gov,Bigender
Alane Holdall,aholdallhu@ihg.com,Female
Barbra Treffrey,btreffreyhv@umich.edu,Female
Carmita Bumby,cbumbyhw@toplist.cz,Female
Dalston Sorel,dsorelhx@skyrock.com,Male
Lorin Eckels,leckelshy@ed.gov,Male
Modestia Glaister,mglaisterhz@seattletimes.com,Female
Georgine Birley,gbirleyi0@moonfruit.com,Female
Zaria Fierro,zfierroi1@google.nl,Female
Elianora McPake,emcpakei2@multiply.com,Female
Rossy Aven,raveni3@tuttocitta.it,Male
Faith Clementet,fclementeti4@skyrock.com,Female
Liv Teresa,lteresai5@mit.edu,Female
Reinwald Shannahan,rshannahani6@ifeng.com,Male
Aleksandr Brushneen,abrushneeni7@google.ru,Genderqueer
Malachi Enever,meneveri8@shop-pro.jp,Male
Roger Gerin,rgerini9@miitbeian.gov.cn,Male
Lianna Walewski,lwalewskiia@phoca.cz,Female
Byrle Giacovelli,bgiacovelliib@wufoo.com,Male
Reider Deehan,rdeehanic@independent.co.uk,Male
Fanny McGinn,fmcginnid@arstechnica.com,Female
Anthony Oxtarby,aoxtarbyie@usatoday.com,Male
Nealon Trimmill,ntrimmillif@fotki.com,Male
Brittaney Caves,bcavesig@scientificamerican.com,Genderqueer
Edyth Tapsfield,etapsfieldih@statcounter.com,Female
Vincents Alenov,valenovii@prweb.com,Male
Farand Udell,fudellij@netlog.com,Female
Hatty Baxter,hbaxterik@geocities.com,Agender
Pascale Christiensen,pchristiensenil@123-reg.co.uk,Male
Winifield Acors,wacorsim@com.com,Male
Brenna Sheivels,bsheivelsin@bloomberg.com,Female
Fremont Elderidge,felderidgeio@example.com,Polygender
Celisse Dark,cdarkip@omniture.com,Female
Jody Brennenstuhl,jbrennenstuhliq@sohu.com,Female
Hoyt Normanvell,hnormanvellir@taobao.com,Male
Fanchette Wren,fwrenis@buzzfeed.com,Female
Gussie Scarce,gscarceit@tumblr.com,Female
Christoffer McKniely,cmcknielyiu@symantec.com,Male
Matthias Royston,mroystoniv@bbb.org,Male
Carmelia Pavlik,cpavlikiw@latimes.com,Female
Chrisse Adaway,cadawayix@123-reg.co.uk,Male
Fae Milella,fmilellaiy@netvibes.com,Female
Berk Jeannin,bjeanniniz@booking.com,Male
Juan Leguay,jleguayj0@un.org,Male
Harriette Paulisch,hpaulischj1@marriott.com,Female
Garald Dymick,gdymickj2@digg.com,Male
Jayme Brindley,jbrindleyj3@digg.com,Male
Simona Chell,schellj4@xinhuanet.com,Female
Nickolai Reinmar,nreinmarj5@ehow.com,Male
Berrie Gherardelli,bgherardellij6@bloglovin.com,Female
Dorine Dener,ddenerj7@infoseek.co.jp,Female
Betteanne Srawley,bsrawleyj8@google.pl,Female
Ranice Flintiff,rflintiffj9@amazon.com,Female
Caesar Rowena,crowenaja@github.com,Genderqueer
Tonie Kornousek,tkornousekjb@joomla.org,Female
Shannan Titterington,stitteringtonjc@google.pl,Male
Loralyn Tallach,ltallachjd@booking.com,Female
Miguel Dionsetto,mdionsettoje@123-reg.co.uk,Male
Yard Dublin,ydublinjf@csmonitor.com,Male
Jessalyn Schettini,jschettinijg@4shared.com,Female
Aili Bealing,abealingjh@scientificamerican.com,Female
Bobine Marks,bmarksji@loc.gov,Female
Gordie Hyams,ghyamsjj@godaddy.com,Male
Tallie Hainning,thainningjk@sitemeter.com,Male
Zacharie Pascow,zpascowjl@ovh.net,Male
Maire Rowter,mrowterjm@amazon.co.jp,Female
Duky Pavlata,dpavlatajn@indiatimes.com,Male
Hetty Stenett,hstenettjo@delicious.com,Female
Barbee Chataignier,bchataignierjp@blog.com,Female
Corny MacGahey,cmacgaheyjq@parallels.com,Male
Kipper Davsley,kdavsleyjr@cbslocal.com,Male
Georgetta Newland,gnewlandjs@patch.com,Agender
Kyla Lampard,klampardjt@e-recht24.de,Female
Connor Bowcock,cbowcockju@mashable.com,Male
Rani Seviour,rseviourjv@newyorker.com,Female
Dietrich Dunbabin,ddunbabinjw@com.com,Male
Shermie Halversen,shalversenjx@networksolutions.com,Genderfluid
Thadeus Vittori,tvittorijy@abc.net.au,Male
Marieann Liffey,mliffeyjz@flickr.com,Female
Anson Meus,ameusk0@ovh.net,Male
Lizzie Tathacott,ltathacottk1@about.com,Female
Ogdan Ghiroldi,oghiroldik2@nationalgeographic.com,Male
Clemmie Monkton,cmonktonk3@reuters.com,Male
Benito Form,bformk4@drupal.org,Male
Kenyon Fairbourn,kfairbournk5@delicious.com,Male
Lori Salvin,lsalvink6@jimdo.com,Female
Mignon Pedron,mpedronk7@tuttocitta.it,Female
Emogene Duggan,eduggank8@sakura.ne.jp,Female
Burch Rosevear,broseveark9@miibeian.gov.cn,Male
Carmelita Batisse,cbatisseka@merriam-webster.com,Female
Nady Wollers,nwollerskb@geocities.com,Female
Lynne Yeates,lyeateskc@naver.com,Female
Holly Gorcke,hgorckekd@live.com,Female
Halsy Govett,hgovettke@ycombinator.com,Male
Rea Stallwood,rstallwoodkf@nhs.uk,Female
Therese Wogdon,twogdonkg@redcross.org,Female
Ronald Philpot,rphilpotkh@1688.com,Male
Dennie Colhoun,dcolhounki@webnode.com,Male
Kayne Gallie,kgalliekj@stumbleupon.com,Male
Bryan Stroton,bstrotonkk@mozilla.org,Male
Joleen Townes,jtowneskl@yahoo.co.jp,Agender
Aurelea Stenbridge,astenbridgekm@rakuten.co.jp,Female
Judi Neames,jneameskn@boston.com,Female
Geoffrey Anetts,ganettsko@unicef.org,Male
Jarrad Lupson,jlupsonkp@360.cn,Bigender
Brewer Coggon,bcoggonkq@dmoz.org,Non-binary
Vassily Marciek,vmarciekkr@studiopress.com,Male
Archy Pichmann,apichmannks@mit.edu,Male
Xerxes Behrendsen,xbehrendsenkt@illinois.edu,Male
Josias Empringham,jempringhamku@eepurl.com,Male
Seline Girardini,sgirardinikv@usgs.gov,Female
Berny Kase,bkasekw@about.me,Female
Gerik Howbrook,ghowbrookkx@amazonaws.com,Male
Amandy Zapatero,azapateroky@geocities.jp,Female
Vicky Richemond,vrichemondkz@ameblo.jp,Female
Catlaina Eastman,ceastmanl0@cnet.com,Female
Mureil Okell,mokelll1@privacy.gov.au,Female
Torrey Connikie,tconnikiel2@who.int,Male
Doralin Jannings,djanningsl3@disqus.com,Female
Skelly Lazonby,slazonbyl4@ucoz.com,Male
Calhoun Archdeacon,carchdeaconl5@lycos.com,Male
Reinaldos Beauchop,rbeauchopl6@hp.com,Male
Auria Peal,apeall7@techcrunch.com,Female
Luisa Christin,lchristinl8@latimes.com,Female
Elli Ahern,eahernl9@creativecommons.org,Female
Netty MacCallion,nmaccallionla@merriam-webster.com,Female
Dominic Moorhouse,dmoorhouselb@senate.gov,Male
Daveta Bengoechea,dbengoechealc@drupal.org,Female
Jay MacFayden,jmacfaydenld@over-blog.com,Male
Dido Belham,dbelhamle@parallels.com,Female
Esmaria Fairhead,efairheadlf@free.fr,Female
Kaylee Ortiga,kortigalg@pcworld.com,Female
Billie Crewther,bcrewtherlh@spiegel.de,Female
Clyde Cafe,ccafeli@businessinsider.com,Male
Rani Coldicott,rcoldicottlj@scribd.com,Female
Sarena Arrington,sarringtonlk@webmd.com,Female
Flor Blaxill,fblaxillll@prlog.org,Female
Rorie Altoft,raltoftlm@utexas.edu,Female
Brander Attrill,battrillln@wufoo.com,Male
Timmy Camsey,tcamseylo@symantec.com,Male
Hubie Beek,hbeeklp@ox.ac.uk,Male
Brod Carnell,bcarnelllq@hubpages.com,Non-binary
Orelee Waterhowse,owaterhowselr@qq.com,Female
Nat Sawkins,nsawkinsls@wix.com,Female
Dianna Fearon,dfearonlt@dion.ne.jp,Female
Arlinda Maxwale,amaxwalelu@360.cn,Female
Donnajean Haburne,dhaburnelv@google.com.br,Female
Caesar Fulstow,cfulstowlw@google.co.jp,Male
Skelly Bellefonte,sbellefontelx@imgur.com,Male
Devora Rosenblum,drosenblumly@biglobe.ne.jp,Female
Verine Geraldo,vgeraldolz@flavors.me,Female
Mariska Lavalle,mlavallem0@army.mil,Non-binary
Ray Gruszecki,rgruszeckim1@networksolutions.com,Male
Ab Galero,agalerom2@howstuffworks.com,Male
Adlai Wilsee,awilseem3@cnbc.com,Male
Fay Sollner,fsollnerm4@ocn.ne.jp,Female
Cleveland O'Sherin,cosherinm5@google.com.au,Male
Ethelbert Lardiner,elardinerm6@telegraph.co.uk,Male
Ellissa Barmby,ebarmbym7@nsw.gov.au,Female
Garik Bracchi,gbracchim8@cisco.com,Male
Wesley Comley,wcomleym9@theatlantic.com,Male
Bud Hagston,bhagstonma@ca.gov,Male
Teodora Walshe,twalshemb@digg.com,Female
John Dumbreck,jdumbreckmc@narod.ru,Agender
Chrissy Boake,cboakemd@nationalgeographic.com,Male
Grata Tremollet,gtremolletme@google.co.jp,Female
Nichol Snawden,nsnawdenmf@nytimes.com,Female
Sondra Pennick,spennickmg@artisteer.com,Female
Kial Hagergham,khagerghammh@comsenz.com,Female
Erik Ledes,eledesmi@unblog.fr,Male
Golda Bodesson,gbodessonmj@slate.com,Female
Madeleine Brownjohn,mbrownjohnmk@mail.ru,Agender
Lukas Bayns,lbaynsml@technorati.com,Male
Corilla Well,cwellmm@booking.com,Female
Haleigh Springford,hspringfordmn@unicef.org,Male
Welbie Maciocia,wmaciociamo@ustream.tv,Male
Adrien Tomlinson,atomlinsonmp@sogou.com,Male
Gabe Dickerline,gdickerlinemq@senate.gov,Polygender
Ailina Malimoe,amalimoemr@live.com,Female
Ted Yonnie,tyonniems@aol.com,Male
Orella Youll,oyoullmt@google.co.jp,Genderfluid
Myrvyn Frow,mfrowmu@netvibes.com,Male
Liza Legerwood,llegerwoodmv@instagram.com,Female
Terra Ogbourne,togbournemw@vistaprint.com,Female
Chryste Held,cheldmx@theatlantic.com,Female
Theresina Hawking,thawkingmy@ft.com,Female
Lloyd Giannoni,lgiannonimz@tripod.com,Male
Tera Olivetta,tolivettan0@macromedia.com,Female
Marlee Reubbens,mreubbensn1@fastcompany.com,Female
Aleece Bodsworth,abodsworthn2@vkontakte.ru,Female
Florian Tamplin,ftamplinn3@printfriendly.com,Male
Ephrem Poston,epostonn4@msn.com,Male
Carmen Prestedge,cprestedgen5@china.com.cn,Female
Jaquenetta de Juares,jden6@google.ca,Female
Elvin Velasquez,evelasquezn7@behance.net,Male
Collin Doswell,cdoswelln8@smh.com.au,Male
Ingeberg Ginnell,iginnelln9@home.pl,Polygender
Christophorus Sealand,csealandna@google.de,Male
Alwyn Stanger,astangernb@uol.com.br,Male
Loleta Sayward,lsaywardnc@latimes.com,Female
Elna Piesold,epiesoldnd@chron.com,Non-binary
Douglas Knowler,dknowlerne@cpanel.net,Male
Archie Nugent,anugentnf@list-manage.com,Male
Roarke Egell,regellng@printfriendly.com,Male
Arabel Houldey,ahouldeynh@sina.com.cn,Female
Coleen Knoller,cknollerni@house.gov,Female
Leslie Duddin,lduddinnj@foxnews.com,Female
Salvatore Rowbottom,srowbottomnk@vinaora.com,Male
Bianka Myerscough,bmyerscoughnl@flickr.com,Female
Bret Burdell,bburdellnm@irs.gov,Male
Brenna Kitson,bkitsonnn@msu.edu,Female
Corly Corragan,ccorraganno@washingtonpost.com,Female
Arch Baughan,abaughannp@behance.net,Male
Felizio Sargint,fsargintnq@xinhuanet.com,Male
Veronika Boult,vboultnr@ebay.co.uk,Female
Eldon Lightman,elightmanns@europa.eu,Male
Chloette Orchart,corchartnt@imageshack.us,Agender
Berkeley Dellar,bdellarnu@joomla.org,Male
Elaine Ibarra,eibarranv@imgur.com,Female
Ardenia Reuter,areuternw@tmall.com,Female
Blythe Bodicum,bbodicumnx@virginia.edu,Female
Pail Macieja,pmaciejany@wikipedia.org,Male
Eden Elks,eelksnz@de.vu,Female
Stacee Brockman,sbrockmano0@tripadvisor.com,Male
Pat Dible,pdibleo1@myspace.com,Male
Fidel Sharratt,fsharratto2@ca.gov,Male
Ferd Roskeilly,froskeillyo3@zimbio.com,Male
Kiah Klemz,kklemzo4@usgs.gov,Female
Mayne Dewi,mdewio5@csmonitor.com,Male
Klaus Iveans,kiveanso6@vk.com,Male
Willie Blacksland,wblackslando7@china.com.cn,Genderqueer
Frannie Conford,fconfordo8@mapquest.com,Male
Chev Kiwitz,ckiwitzo9@npr.org,Male
Wilone Pithie,wpithieoa@japanpost.jp,Female
Corbie O'Doran,codoranob@stanford.edu,Male
Celka Pirrie,cpirrieoc@salon.com,Female
Cullin Dockreay,cdockreayod@economist.com,Male
Riane Brett,rbrettoe@marriott.com,Polygender
Patton Mackstead,pmacksteadof@youku.com,Male
Jeane Aldersea,jalderseaog@symantec.com,Female
Yance Shilton,yshiltonoh@ca.gov,Male
Caterina Bonny,cbonnyoi@ovh.net,Agender
Normie Lusher,nlusheroj@g.co,Male
Dorita Biddleston,dbiddlestonok@naver.com,Female
Daniela Albasini,dalbasiniol@amazon.de,Female
Wallas Ocklin,wocklinom@time.com,Male
Lisa Danick,ldanickon@dmoz.org,Female
Rogers Luparto,rlupartooo@yolasite.com,Male
Sande Buy,sbuyop@yandex.ru,Female
Lowrance Rotge,lrotgeoq@bravesites.com,Male
Bord Bruce,bbruceor@google.ca,Male
Hubie Tunstall,htunstallos@tmall.com,Male
Mendy Furphy,mfurphyot@google.ca,Bigender
Rory Reeme,rreemeou@wikipedia.org,Male
Quinton Bottelstone,qbottelstoneov@free.fr,Male
Evin Gatward,egatwardow@bloglovin.com,Genderfluid
Salomone Merkle,smerkleox@npr.org,Male
Almire Querree,aquerreeoy@reuters.com,Agender
Stillman Hanny,shannyoz@hao123.com,Male
Eirena East,eeastp0@mtv.com,Bigender
Thoma Durrant,tdurrantp1@lulu.com,Male
Missy Stodit,mstoditp2@ifeng.com,Female
Malchy Ollerhead,mollerheadp3@ezinearticles.com,Male
Maison Laviste,mlavistep4@ning.com,Male
Johna Judkin,jjudkinp5@guardian.co.uk,Female
Aguistin Filipczak,afilipczakp6@ocn.ne.jp,Male
Rob Sicely,rsicelyp7@umn.edu,Male
Gisele Nacci,gnaccip8@instagram.com,Female
Reginauld Allwood,rallwoodp9@elegantthemes.com,Male
Indira Jonas,ijonaspa@a8.net,Female
Lethia McAdam,lmcadampb@slideshare.net,Female
Harvey Redwing,hredwingpc@nymag.com,Male
Berke Gebby,bgebbypd@accuweather.com,Agender
Parker Coucha,pcouchape@usatoday.com,Male
Byrom Mucillo,bmucillopf@huffingtonpost.com,Male
Fulvia Iredale,firedalepg@sfgate.com,Female
Auberta Muehler,amuehlerph@umn.edu,Female
Ebba Haskew,ehaskewpi@godaddy.com,Female
Ian Brawson,ibrawsonpj@i2i.jp,Male
Helli Castelot,hcastelotpk@tamu.edu,Female
Colman Salzburger,csalzburgerpl@tinyurl.com,Male
Drona McAuslan,dmcauslanpm@4shared.com,Female
Oberon Frankling,ofranklingpn@canalblog.com,Male
Davida Darrigone,ddarrigonepo@gravatar.com,Female
Enos Caslett,ecaslettpp@ox.ac.uk,Male
Analise McMenemy,amcmenemypq@theguardian.com,Female
Karin Babon,kbabonpr@bbc.co.uk,Female
Wilmar Zywicki,wzywickips@a8.net,Male
Shay Nisius,snisiuspt@uol.com.br,Male
Alessandro Doers,adoerspu@hao123.com,Male
Laverna Kier,lkierpv@sitemeter.com,Female
Rochette Cunnow,rcunnowpw@hubpages.com,Female
Harcourt Pittem,hpittempx@homestead.com,Male
Enrica Bridgman,ebridgmanpy@dropbox.com,Female
Lucienne Coenraets,lcoenraetspz@uol.com.br,Bigender
Claudio Chevers,ccheversq0@soup.io,Male
Bradley Knibley,bknibleyq1@mashable.com,Male
Anissa Comelli,acomelliq2@bravesites.com,Female
Binky Ferson,bfersonq3@soup.io,Male
Mathian Pyrke,mpyrkeq4@tmall.com,Male
Andrey Boultwood,aboultwoodq5@biblegateway.com,Male
Elroy Taffee,etaffeeq6@theatlantic.com,Male
Gradeigh Aloway,galowayq7@mapquest.com,Male
William Raimbauld,wraimbauldq8@microsoft.com,Male
Devon Lenard,dlenardq9@oaic.gov.au,Female
Paul Ricson,pricsonqa@prlog.org,Male
Pincas Le Barr,pleqb@alexa.com,Male
Lenci Gerling,lgerlingqc@columbia.edu,Male
Koral Heeney,kheeneyqd@apache.org,Female
Win De Hoogh,wdeqe@elegantthemes.com,Male
Jedidiah Laurence,jlaurenceqf@netlog.com,Male
Ricky Hasard,rhasardqg@goo.ne.jp,Male
Annamarie Skrzynski,askrzynskiqh@nytimes.com,Female
Ceil MacDonnell,cmacdonnellqi@symantec.com,Female
Nara Quittonden,nquittondenqj@wordpress.org,Female
Lon Hacking,lhackingqk@skype.com,Male
Clarinda Rylands,crylandsql@lulu.com,Female
Arte Gegg,ageggqm@elpais.com,Male
Ray Purslow,rpurslowqn@army.mil,Female
Cherida Filimore,cfilimoreqo@adobe.com,Agender
Sascha Lascelles,slascellesqp@ft.com,Female
Dore Ossipenko,dossipenkoqq@shinystat.com,Female
Kali Hoodless,khoodlessqr@creativecommons.org,Female
Ferdinand Lacy,flacyqs@imgur.com,Male
Rene Durker,rdurkerqt@photobucket.com,Female
Audre Brozek,abrozekqu@mapy.cz,Female
Harlie Maling,hmalingqv@nydailynews.com,Female
Lock Ogley,logleyqw@theglobeandmail.com,Male
Cristabel Skegg,cskeggqx@biglobe.ne.jp,Female
Matt Cumbers,mcumbersqy@people.com.cn,Male
Pavia Yole,pyoleqz@purevolume.com,Female
Isabel Edelman,iedelmanr0@mysql.com,Female
Reinhold Watton,rwattonr1@last.fm,Male
Mara Spencley,mspencleyr2@is.gd,Female
Van A'field,vafieldr3@mysql.com,Female
Seward Goranov,sgoranovr4@google.pl,Male
Maureene Boggis,mboggisr5@xrea.com,Female
Cindi Howson,chowsonr6@barnesandnoble.com,Female
Alden Janout,ajanoutr7@usnews.com,Male
Hadlee Fridaye,hfridayer8@mayoclinic.com,Male
Aymer Kehri,akehrir9@ask.com,Male
Mirelle Balaison,mbalaisonra@globo.com,Female
Calvin Pohl,cpohlrb@thetimes.co.uk,Male
Alano Skarman,askarmanrc@shareasale.com,Male
Miltie Anderson,mandersonrd@house.gov,Male
Katina Giacobo,kgiacobore@reuters.com,Female
Keriann Spilisy,kspilisyrf@sitemeter.com,Female
Nicolea Buzine,nbuzinerg@craigslist.org,Female
Darill Walenta,dwalentarh@sakura.ne.jp,Genderqueer
Dyanna Gronno,dgronnori@seesaa.net,Bigender
Georgeanne Collick,gcollickrj@cargocollective.com,Female
Buddy Robers,brobersrk@utexas.edu,Genderqueer
Ryley Dulinty,rdulintyrl@typepad.com,Male
Kelbee McPeake,kmcpeakerm@pagesperso-orange.fr,Male
Mark Snedker,msnedkerrn@hibu.com,Genderqueer
Rhetta Palphramand,rpalphramandro@princeton.edu,Female
Valdemar Pietzke,vpietzkerp@yahoo.co.jp,Male
Warren Audibert,waudibertrq@xinhuanet.com,Male
Dedra Blackborow,dblackborowrr@mediafire.com,Female
