name,email,gender
Aharon Friedenbach,afriedenbach0@si.edu,Male
Emogene Earengey,eearengey1@moonfruit.com,Female
Saidee Asif,sasif2@discovery.com,Female
Shelton Giffkins,sgiffkins3@cmu.edu,Male
Frasco Seaward,fseaward4@wunderground.com,Male
Ernaline Glader,eglader5@tiny.cc,Female
Angelico Flowith,aflowith6@craigslist.org,Male
Salvador Gecke,sgecke7@google.com.au,Male
Hoyt Spatig,hspatig8@facebook.com,Male
Kati Starmore,kstarmore9@ca.gov,Female
Ripley D'Ruel,rdruela@nature.com,Male
Elbertina Bernadzki,ebernadzkib@taobao.com,Female
Miller Scading,mscadingc@ucsd.edu,Agender
Van Boissieux,vboissieuxd@woothemes.com,Male
Barbie Lawrence,blawrencee@aboutads.info,Female
Essie Hartridge,ehartridgef@typepad.com,Female
Jeanie Busen,jbuseng@reverbnation.com,Female
Skylar Jaouen,sjaouenh@bloglovin.com,Male
Jay Laydon,jlaydoni@de.vu,Male
Garrek Plumley,gplumleyj@skyrock.com,Male
Philipa Bollam,pbollamk@prweb.com,Female
Onfre Furlow,ofurlowl@mapy.cz,Male
Willa Broadey,wbroadeym@addtoany.com,Bigender
Merwin Pauleau,mpauleaun@apple.com,Male
Armin Lathwell,alathwello@jugem.jp,Male
Duke Hinkens,dhinkensp@list-manage.com,Male
Thurston Bebbington,tbebbingtonq@google.ru,Male
Doy Meatcher,dmeatcherr@patch.com,Male
Bear Whiteson,bwhitesons@networksolutions.com,Male
Tye O' Molan,tot@friendfeed.com,Male
Mariette MacIlhargy,mmacilhargyu@theguardian.com,Female
Eyde Lander,elanderv@netlog.com,Female
Louise Toope,ltoopew@technorati.com,Female
Crichton Thirwell,cthirwellx@state.gov,Male
Natty Hasselby,nhasselbyy@prweb.com,Female
Fayette Lickorish,flickorishz@over-blog.com,Female
Tomas Shevelin,tshevelin10@behance.net,Male
Burty Duker,bduker11@comsenz.com,Male
Andras Carruth,acarruth12@google.nl,Male
Malinde Caron,mcaron13@home.pl,Female
Merissa Carrol,mcarrol14@cloudflare.com,Female
Vivienne Whyatt,vwhyatt15@issuu.com,Female
Lyle Alfonsetto,lalfonsetto16@thetimes.co.uk,Male
Alex Wort,awort17@kickstarter.com,Female
Linnea Mostyn,lmostyn18@eepurl.com,Female
Arvy Quenell,aquenell19@google.fr,Male
Thia Greger,tgreger1a@redcross.org,Female
Dix Antoons,dantoons1b@va.gov,Female
Cedric Stollenberg,cstollenberg1c@accuweather.com,Male
Kinnie Rooke,krooke1d@google.nl,Male
Berti Munford,bmunford1e@sbwire.com,Male
Witty Cotillard,wcotillard1f@oaic.gov.au,Polygender
Jessika Dullingham,jdullingham1g@cafepress.com,Female
Abe Ciotto,aciotto1h@desdev.cn,Male
Audrey Lambourne,alambourne1i@pagesperso-orange.fr,Female
Flory Hofer,fhofer1j@netvibes.com,Bigender
Merrili Moehler,mmoehler1k@un.org,Female
Cirilo Gregr,cgregr1l@imageshack.us,Male
Van Matteoli,vmatteoli1m@oakley.com,Male
Hogan Bacop,hbacop1n@independent.co.uk,Male
Stanley Stollmeyer,sstollmeyer1o@macromedia.com,Male
Hayyim Thyer,hthyer1p@ocn.ne.jp,Male
Cynthea Josephsen,cjosephsen1q@i2i.jp,Female
Winni Fatharly,wfatharly1r@furl.net,Female
Bart Thickett,bthickett1s@sina.com.cn,Male
Ricard Dunan,rdunan1t@japanpost.jp,Male
Chet Walduck,cwalduck1u@surveymonkey.com,Male
Sasha Pembridge,spembridge1v@webnode.com,Male
Ashly Rzehorz,arzehorz1w@vinaora.com,Female
April La Torre,ala1x@wisc.edu,Female
Olenka Boon,oboon1y@free.fr,Female
Thornie Calabry,tcalabry1z@redcross.org,Male
Friederike Columbine,fcolumbine20@google.cn,Bigender
Abel Findon,afindon21@canalblog.com,Male
Abby Rousel,arousel22@microsoft.com,Female
Diann Brandacci,dbrandacci23@home.pl,Female
Granger Haggerstone,ghaggerstone24@dmoz.org,Male
Lorry Gilluley,lgilluley25@amazon.co.jp,Female
Rosalyn Issatt,rissatt26@comcast.net,Female
Nyssa Cardenoza,ncardenoza27@lulu.com,Female
Sherie Preshous,spreshous28@tinyurl.com,Female
Ximenez Muriel,xmuriel29@go.com,Male
Jacquelyn Corneille,jcorneille2a@flavors.me,Non-binary
Emmy Gossan,egossan2b@histats.com,Female
Udell Greir,ugreir2c@fastcompany.com,Male
Tome Daile,tdaile2d@domainmarket.com,Male
Lauritz Galgey,lgalgey2e@devhub.com,Male
Dolores Barbey,dbarbey2f@umn.edu,Female
Nolly Haughton,nhaughton2g@admin.ch,Male
Cosme Pineaux,cpineaux2h@networksolutions.com,Male
Lorri Vockins,lvockins2i@csmonitor.com,Female
Ram Phettiplace,rphettiplace2j@quantcast.com,Male
Bink Heinritz,bheinritz2k@deliciousdays.com,Male
Gwenora Snell,gsnell2l@discuz.net,Female
Thom M'Quhan,tmquhan2m@guardian.co.uk,Male
Sheelagh Worsnup,sworsnup2n@jigsy.com,Female
Mikol Spadelli,mspadelli2o@oracle.com,Male
Etti McPharlain,emcpharlain2p@unc.edu,Genderqueer
Kev Bourdon,kbourdon2q@java.com,Male
Eldin Hamblyn,ehamblyn2r@vimeo.com,Male
Menard Szymczyk,mszymczyk2s@samsung.com,Male
Keith Linfield,klinfield2t@slashdot.org,Male
Crichton Drain,cdrain2u@techcrunch.com,Male
Roxanne Dwelly,rdwelly2v@auda.org.au,Female
Isobel Epple,iepple2w@devhub.com,Female
Cherye Handsheart,chandsheart2x@fotki.com,Female
Joeann Fautly,jfautly2y@jugem.jp,Female
Kathryn Jewise,kjewise2z@walmart.com,Non-binary
Emelda Noods,enoods30@cloudflare.com,Female
Jordan Ambrogi,jambrogi31@sina.com.cn,Male
Shina Meagher,smeagher32@soundcloud.com,Female
Alysia Leile,aleile33@macromedia.com,Female
Anett Adrain,aadrain34@fema.gov,Female
Hildagard Oran,horan35@tiny.cc,Non-binary
Selig Balstone,sbalstone36@paypal.com,Male
Brooke Wych,bwych37@so-net.ne.jp,Non-binary
Kellia Curman,kcurman38@netscape.com,Polygender
Armando Crutchfield,acrutchfield39@usgs.gov,Genderqueer
Adler Verdie,averdie3a@irs.gov,Male
Mendel Bercevelo,mbercevelo3b@wikispaces.com,Agender
Starla Fullard,sfullard3c@businesswire.com,Female
Boote Tourmell,btourmell3d@craigslist.org,Polygender
Sigfrid Lowle,slowle3e@yale.edu,Male
Mathilda Crapper,mcrapper3f@dropbox.com,Female
Arvie Phair,aphair3g@time.com,Male
Reider Apfler,rapfler3h@tamu.edu,Male
Ashton Kuscha,akuscha3i@hugedomains.com,Male
Carolyn Feldon,cfeldon3j@shop-pro.jp,Female
Juliette Joburn,jjoburn3k@blogspot.com,Female
Myra Lewisham,mlewisham3l@homestead.com,Genderfluid
Alvan Wilbore,awilbore3m@wix.com,Male
Lucy Hostan,lhostan3n@dion.ne.jp,Agender
Elliott Zealy,ezealy3o@geocities.com,Genderqueer
Russ Surmeyers,rsurmeyers3p@123-reg.co.uk,Male
Lenore Isherwood,lisherwood3q@whitehouse.gov,Female
Jim Greguoli,jgreguoli3r@va.gov,Male
Merissa Broader,mbroader3s@ox.ac.uk,Female
Carlie Begley,cbegley3t@amazon.co.jp,Female
Rand Blenkiron,rblenkiron3u@baidu.com,Male
Lorinda Earp,learp3v@time.com,Female
Francklin Monelle,fmonelle3w@slashdot.org,Genderqueer
Rourke Mahaddy,rmahaddy3x@nationalgeographic.com,Male
Walker Bullus,wbullus3y@independent.co.uk,Male
Kurtis Bartzen,kbartzen3z@oakley.com,Male
Major Danihel,mdanihel40@chronoengine.com,Male
Florella Lamps,flamps41@nasa.gov,Female
Moselle Reeken,mreeken42@paypal.com,Female
Heriberto Simukov,hsimukov43@chronoengine.com,Male
Francine Nelm,fnelm44@elegantthemes.com,Female
Katy Klimushev,kklimushev45@accuweather.com,Female
Law Caldaro,lcaldaro46@tripod.com,Male
Nilson Fancy,nfancy47@pbs.org,Male
Roth Pashan,rpashan48@mac.com,Polygender
Patsy Alleyn,palleyn49@cyberchimps.com,Female
Lay Tellenbach,ltellenbach4a@privacy.gov.au,Male
Roddy Danis,rdanis4b@webmd.com,Male
Esme Capel,ecapel4c@zdnet.com,Male
Livia Highnam,lhighnam4d@hubpages.com,Bigender
Vikki Barnby,vbarnby4e@theglobeandmail.com,Female
Sheilah Jannex,sjannex4f@1und1.de,Female
Enriqueta Charnick,echarnick4g@cdc.gov,Female
Starlene Wallett,swallett4h@apple.com,Female
Sigfrid Cadding,scadding4i@squarespace.com,Male
Duke Lemerle,dlemerle4j@weibo.com,Male
Brittni Liddicoat,bliddicoat4k@netscape.com,Female
Jenilee Kennan,jkennan4l@zimbio.com,Female
Tallie Jozsef,tjozsef4m@ning.com,Female
Roseann Driutti,rdriutti4n@zdnet.com,Female
Gelya Stiles,gstiles4o@amazonaws.com,Female
Gina Dyhouse,gdyhouse4p@de.vu,Female
Bartholemy Plumstead,bplumstead4q@sphinn.com,Male
Dalila Couser,dcouser4r@multiply.com,Female
Olenka Crauford,ocrauford4s@slideshare.net,Female
Francisca Ringsell,fringsell4t@abc.net.au,Female
Marianne Giocannoni,mgiocannoni4u@umn.edu,Female
Correy Lear,clear4v@alexa.com,Male
Colin Morillas,cmorillas4w@unicef.org,Male
Jilly Tofpik,jtofpik4x@hao123.com,Female
Flss Cleaton,fcleaton4y@mtv.com,Female
Karleen Kelshaw,kkelshaw4z@vistaprint.com,Female
Roi Wheble,rwheble50@ustream.tv,Male
Wit Giffin,wgiffin51@reference.com,Male
Wait Beekman,wbeekman52@ft.com,Male
Pat Duplan,pduplan53@csmonitor.com,Female
Kennan Kinastan,kkinastan54@huffingtonpost.com,Male
Teresa Tume,ttume55@gizmodo.com,Female
Dionis Seint,dseint56@freewebs.com,Female
Lorinda Coop,lcoop57@imageshack.us,Female
Athene Revans,arevans58@house.gov,Female
Caresa Castellaccio,ccastellaccio59@instagram.com,Female
Hersh Stallion,hstallion5a@elegantthemes.com,Male
Adrian Fenton,afenton5b@uol.com.br,Male
Jervis Banford,jbanford5c@lycos.com,Male
Wrennie Hought,whought5d@discovery.com,Female
Marsha Roxburgh,mroxburgh5e@cbslocal.com,Female
Rochelle Belshaw,rbelshaw5f@vinaora.com,Female
Reginauld Cloake,rcloake5g@dot.gov,Genderfluid
Jill Dyter,jdyter5h@mozilla.com,Female
Artemis Bohje,abohje5i@altervista.org,Male
Ardeen Hinkens,ahinkens5j@joomla.org,Female
Fergus Venner,fvenner5k@psu.edu,Genderqueer
Abeu Planks,aplanks5l@cnet.com,Male
Elwin Scutcheon,escutcheon5m@harvard.edu,Male
Horten Hardern,hhardern5n@mysql.com,Male
Rayshell Farquhar,rfarquhar5o@globo.com,Female
Carlin Moncarr,cmoncarr5p@hexun.com,Female
Jone Wildor,jwildor5q@about.com,Male
Hewe McDarmid,hmcdarmid5r@theglobeandmail.com,Male
Maynord Sircombe,msircombe5s@fc2.com,Male
Paige Falls,pfalls5t@ft.com,Female
Anselma Smitherman,asmitherman5u@cargocollective.com,Female
Sarah Hafford,shafford5v@ibm.com,Female
Shayla Scampion,sscampion5w@hexun.com,Female
Burch Franceschino,bfranceschino5x@nyu.edu,Genderqueer
Basil Ovize,bovize5y@bing.com,Male
Vince Le Ball,vle5z@trellian.com,Male
Ariel Milsap,amilsap60@lycos.com,Female
Una Huston,uhuston61@answers.com,Female
Drucy Trail,dtrail62@reddit.com,Female
Daloris Wightman,dwightman63@ca.gov,Female
Tiebold Shalcros,tshalcros64@pen.io,Bigender
Gilberta MacParlan,gmacparlan65@webnode.com,Female
Simeon Munnis,smunnis66@sbwire.com,Male
Ruthann Enticott,renticott67@dagondesign.com,Female
Heinrick Cattell,hcattell68@prweb.com,Male
Waylen Simoens,wsimoens69@hatena.ne.jp,Male
Daphene Nottram,dnottram6a@sina.com.cn,Female
Nonnah McCrorie,nmccrorie6b@timesonline.co.uk,Female
Rollo MacKereth,rmackereth6c@google.com.hk,Agender
Adriena Neilus,aneilus6d@spotify.com,Female
Pearle Deners,pdeners6e@telegraph.co.uk,Female
Teirtza Gamon,tgamon6f@gmpg.org,Female
Ferne Radbond,fradbond6g@marriott.com,Female
Trstram Maystone,tmaystone6h@linkedin.com,Male
Alfy Bridgeland,abridgeland6i@bloglovin.com,Female
Diarmid Selman,dselman6j@wordpress.com,Male
Chico Voss,cvoss6k@comsenz.com,Genderqueer
Alayne Houldin,ahouldin6l@w3.org,Genderqueer
Joya Dilworth,jdilworth6m@google.de,Female
Suzette Colcomb,scolcomb6n@ustream.tv,Female
Clemmy Mcsarry,cmcsarry6o@istockphoto.com,Polygender
Gilli Tollerton,gtollerton6p@github.io,Female
Ebonee Otter,eotter6q@bloglovin.com,Female
Jacquenetta Eyton,jeyton6r@google.it,Genderfluid
Manolo Abramovici,mabramovici6s@list-manage.com,Polygender
Henri Lafflin,hlafflin6t@sun.com,Male
Marshall Davidowsky,mdavidowsky6u@google.pl,Male
Romona Hutten,rhutten6v@reference.com,Female
Aloise Espinay,aespinay6w@bloglovin.com,Female
Boigie Neild,bneild6x@facebook.com,Male
Collen Causier,ccausier6y@hatena.ne.jp,Female
Baillie Pickance,bpickance6z@slideshare.net,Genderqueer
Gasper Beumant,gbeumant70@photobucket.com,Male
Guido Gillingham,ggillingham71@narod.ru,Male
Field Powton,fpowton72@dropbox.com,Male
Ash Greener,agreener73@histats.com,Male
Gibbie Baldin,gbaldin74@google.fr,Male
Milicent Burland,mburland75@ibm.com,Female
Valaree Phittiplace,vphittiplace76@cpanel.net,Female
Leeland Rawcliffe,lrawcliffe77@dmoz.org,Male
Corbin Sollett,csollett78@wisc.edu,Male
Selie Westwell,swestwell79@ted.com,Bigender
Haroun Katte,hkatte7a@noaa.gov,Male
Benedict Kellet,bkellet7b@indiatimes.com,Male
Reider Braund,rbraund7c@google.com,Male
Symon Ferras,sferras7d@i2i.jp,Male
Blithe Almak,balmak7e@amazon.de,Female
Bibbye Wainer,bwainer7f@microsoft.com,Female
Stormy Wippermann,swippermann7g@yellowpages.com,Female
Cynthia Collip,ccollip7h@webnode.com,Female
Jory Kubis,jkubis7i@dot.gov,Male
Fern Eastlake,feastlake7j@psu.edu,Female
Kristan Wealleans,kwealleans7k@dagondesign.com,Female
Reggie Daniau,rdaniau7l@github.io,Male
Sigrid Chant,schant7m@cornell.edu,Female
Henderson Caustic,hcaustic7n@freewebs.com,Male
Reta Challes,rchalles7o@google.fr,Bigender
Kiele Frediani,kfrediani7p@paginegialle.it,Female
Atlante Grotty,agrotty7q@constantcontact.com,Female
Alena Goodison,agoodison7r@independent.co.uk,Female
Lisha Yersin,lyersin7s@un.org,Female
Chad Levens,clevens7t@photobucket.com,Male
Reggie Dunthorn,rdunthorn7u@wunderground.com,Male
Bailey Corkell,bcorkell7v@psu.edu,Male
Antoni Pahl,apahl7w@webmd.com,Non-binary
Jillana Jupp,jjupp7x@google.ru,Polygender
Dulcia Clemmett,dclemmett7y@wunderground.com,Female
Clarence Grattan,cgrattan7z@goodreads.com,Male
Eustacia Eckels,eeckels80@techcrunch.com,Female
Joycelin Dosdale,jdosdale81@yahoo.co.jp,Female
Harbert Tellett,htellett82@comsenz.com,Male
Norris Vallintine,nvallintine83@usa.gov,Male
Mitchell Rayworth,mrayworth84@usatoday.com,Male
Pammi McGuire,pmcguire85@ibm.com,Female
Emlynn Kibard,ekibard86@npr.org,Female
Ilse Rodear,irodear87@ovh.net,Female
Nicolas Gaskoin,ngaskoin88@vimeo.com,Male
Lottie Lambertson,llambertson89@alexa.com,Female
Halette Schoroder,hschoroder8a@sfgate.com,Female
Jennee Dubique,jdubique8b@usgs.gov,Female
Dall Drinkhall,ddrinkhall8c@flickr.com,Male
Miguelita Smitton,msmitton8d@aol.com,Female
Porter Droogan,pdroogan8e@stanford.edu,Male
Holden Tavener,htavener8f@edublogs.org,Male
Lolita Paige,lpaige8g@china.com.cn,Non-binary
Sherwin Phizackerly,sphizackerly8h@shinystat.com,Male
Genevra Kernermann,gkernermann8i@acquirethisname.com,Female
Marcellus Bridson,mbridson8j@unblog.fr,Male
Carny Lamey,clamey8k@sitemeter.com,Male
Morrie Charon,mcharon8l@e-recht24.de,Male
Kylen Kilmurry,kkilmurry8m@google.ru,Female
Rudolfo Karpushkin,rkarpushkin8n@indiegogo.com,Male
Melinde Djurkovic,mdjurkovic8o@cbc.ca,Female
Michael Clowser,mclowser8p@npr.org,Agender
Kevon Schettini,kschettini8q@google.es,Bigender
Ingaberg Balm,ibalm8r@sourceforge.net,Female
Maryanna Blakeney,mblakeney8s@cbslocal.com,Female
Carleton Troughton,ctroughton8t@pen.io,Male
Arlen Capon,acapon8u@hhs.gov,Female
Bekki McCourt,bmccourt8v@walmart.com,Agender
Jephthah Way,jway8w@princeton.edu,Male
Natasha Wales,nwales8x@answers.com,Female
Shell Bane,sbane8y@netscape.com,Female
Indira Nassie,inassie8z@nasa.gov,Female
Dominic Wintringham,dwintringham90@yale.edu,Genderfluid
Jarred Gyorffy,jgyorffy91@ucla.edu,Male
Emily Boultwood,eboultwood92@oracle.com,Female
Gabriella Cornew,gcornew93@wikia.com,Female
Herb Spratling,hspratling94@yandex.ru,Male
Norma Shatford,nshatford95@constantcontact.com,Female
Jeanie Brandenburg,jbrandenburg96@facebook.com,Female
Brandy Tilbrook,btilbrook97@sciencedaily.com,Female
Lorrin Gate,lgate98@people.com.cn,Female
Luce Berling,lberling99@umich.edu,Male
Chancey Smidmoor,csmidmoor9a@gravatar.com,Male
Jacqueline Ramelet,jramelet9b@mozilla.com,Agender
Case Pearch,cpearch9c@hao123.com,Male
Hazlett Karim,hkarim9d@businesswire.com,Male
Crissy East,ceast9e@artisteer.com,Female
Sherwynd Creddon,screddon9f@php.net,Male
Nahum Martinek,nmartinek9g@timesonline.co.uk,Male
Lexy Renvoise,lrenvoise9h@virginia.edu,Female
Major Hince,mhince9i@ycombinator.com,Genderfluid
Marjorie Solomonides,msolomonides9j@dmoz.org,Female
Hadleigh Obin,hobin9k@jimdo.com,Male
Case Bovey,cbovey9l@aboutads.info,Male
Avis Errichi,aerrichi9m@virginia.edu,Female
Debra Heiton,dheiton9n@disqus.com,Female
Trace St. Queintain,tst9o@jigsy.com,Male
Angelika Krysztofowicz,akrysztofowicz9p@networkadvertising.org,Polygender
Emelyne Danieli,edanieli9q@hostgator.com,Agender
Eziechiele Rosendall,erosendall9r@plala.or.jp,Male
Zackariah Husset,zhusset9s@mozilla.org,Male
Bowie Giffin,bgiffin9t@list-manage.com,Male
Johnathan Howlin,jhowlin9u@salon.com,Non-binary
Sigismondo Olivier,solivier9v@123-reg.co.uk,Male
Cherry Skentelbury,cskentelbury9w@technorati.com,Female
Forest Bastone,fbastone9x@tiny.cc,Male
Torie Milesap,tmilesap9y@cbslocal.com,Female
Matty Ball,mball9z@rakuten.co.jp,Male
Uri McCloughen,umccloughena0@simplemachines.org,Male
Krystalle Took,ktooka1@earthlink.net,Female
Tan Gaskill,tgaskilla2@huffingtonpost.com,Male
Sukey Cockrill,scockrilla3@oracle.com,Female
Janaye Boar,jboara4@apple.com,Female
Cindy Osmint,cosminta5@tinyurl.com,Female
Brendis Checkley,bcheckleya6@sitemeter.com,Male
Stefanie Clowsley,sclowsleya7@e-recht24.de,Female
Braden Gillet,bgilleta8@loc.gov,Male
Helaina Willden,hwilldena9@mapquest.com,Non-binary
Genevra Hillhouse,ghillhouseaa@sbwire.com,Female
Sidney Balch,sbalchab@washington.edu,Male
Saundra Surgood,ssurgoodac@wikipedia.org,Male
Sibelle Deery,sdeeryad@digg.com,Female
Ofelia Romaint,oromaintae@jiathis.com,Female
Obed Imms,oimmsaf@nydailynews.com,Male
Revkah Luis,rluisag@yale.edu,Female
Dorie Lathy,dlathyah@exblog.jp,Genderqueer
Gwenette MacDowall,gmacdowallai@istockphoto.com,Female
Shelli Matussevich,smatussevichaj@ning.com,Female
Gerome Northen,gnorthenak@google.nl,Male
Gratia Linde,glindeal@pinterest.com,Female
Toiboid Bate,tbateam@dion.ne.jp,Non-binary
Bobinette Tern,bternan@narod.ru,Female
Devondra Waddoups,dwaddoupsao@newsvine.com,Polygender
Ron Whitman,rwhitmanap@pinterest.com,Male
Ashley Boles,abolesaq@sina.com.cn,Male
Margalit Ferfulle,mferfullear@free.fr,Female
Fayette Zamudio,fzamudioas@japanpost.jp,Female
Haily Riditch,hriditchat@w3.org,Male
Thorin Leheude,tleheudeau@marketwatch.com,Male
Abel Freke,afrekeav@about.com,Genderfluid
Lynnea Casetti,lcasettiaw@seesaa.net,Female
Cosetta Chalder,cchalderax@auda.org.au,Agender
Conney Philcott,cphilcottay@linkedin.com,Agender
Agna Kloska,akloskaaz@jimdo.com,Female
Grier McCue,gmccueb0@icq.com,Female
Rex Whittle,rwhittleb1@blogtalkradio.com,Male
Ferdy Tuley,ftuleyb2@icq.com,Male
Buck Sturte,bsturteb3@samsung.com,Male
Maegan Fanshaw,mfanshawb4@yahoo.co.jp,Female
Maude Hudghton,mhudghtonb5@surveymonkey.com,Polygender
Colet Heinsh,cheinshb6@linkedin.com,Male
Walton Stainton,wstaintonb7@webs.com,Male
Marco Climance,mclimanceb8@wix.com,Male
Valle Langer,vlangerb9@ebay.co.uk,Male
Karlen Ollarenshaw,kollarenshawba@globo.com,Female
Orv Witling,owitlingbb@theguardian.com,Male
Washington Mosdell,wmosdellbc@blogger.com,Polygender
Andreas Wisam,awisambd@moonfruit.com,Male
Irena Spoor,ispoorbe@spiegel.de,Female
Lovell Mortlock,lmortlockbf@netscape.com,Male
Perl Giannotti,pgiannottibg@ed.gov,Female
Zondra Bygrave,zbygravebh@cisco.com,Female
Israel Jumont,ijumontbi@google.cn,Male
Ive MacPhaden,imacphadenbj@cmu.edu,Male
Gerardo Bemment,gbemmentbk@paypal.com,Male
Paolina Rubinowitsch,prubinowitschbl@vistaprint.com,Female
Helsa Hakes,hhakesbm@mayoclinic.com,Female
Allistir Charlwood,acharlwoodbn@google.ca,Male
Franny Fitch,ffitchbo@ameblo.jp,Female
Sallyanne Devaney,sdevaneybp@soundcloud.com,Female
Papagena Vaen,pvaenbq@bluehost.com,Female
Pet Diggins,pdigginsbr@xing.com,Female
Luisa Sains,lsainsbs@ihg.com,Female
Hilario Borgnol,hborgnolbt@google.es,Male
Ernie Hannan,ehannanbu@wunderground.com,Male
Lancelot Frankton,lfranktonbv@who.int,Male
Sheffie Ruoff,sruoffbw@jalbum.net,Agender
Carney Hartzenberg,chartzenbergbx@blog.com,Male
Alane Lavallie,alavallieby@seesaa.net,Female
Tulley Dulieu,tdulieubz@cbc.ca,Male
Marty Bleas,mbleasc0@bigcartel.com,Male
Ethel Bains,ebainsc1@google.ca,Female
Claire Cowderoy,ccowderoyc2@ehow.com,Male
Hobey Earp,hearpc3@redcross.org,Male
Gabbey Murty,gmurtyc4@buzzfeed.com,Female
Chester Aries,cariesc5@multiply.com,Male
Monti Prudham,mprudhamc6@samsung.com,Male
Orland Caskie,ocaskiec7@tmall.com,Male
Parrnell Smye,psmyec8@blogs.com,Male
Inglebert Enoch,ienochc9@drupal.org,Genderqueer
Janella Powton,jpowtonca@unc.edu,Non-binary
Rolland Hyrons,rhyronscb@mozilla.org,Male
Dante Frude,dfrudecc@cam.ac.uk,Genderqueer
Kevan Robiot,krobiotcd@alibaba.com,Male
Tucky Archdeacon,tarchdeaconce@tumblr.com,Male
Germain Oleszkiewicz,goleszkiewiczcf@cargocollective.com,Male
Evered Caukill,ecaukillcg@imdb.com,Male
Moses Collcutt,mcollcuttch@salon.com,Agender
Hamil Soda,hsodaci@naver.com,Male
Bay Ravenhill,bravenhillcj@indiatimes.com,Male
Nefen Pieche,npiecheck@wisc.edu,Male
Jamie Moniker,jmonikercl@goo.ne.jp,Female
Silas Coppens,scoppenscm@ameblo.jp,Male
Dee Harmar,dharmarcn@dion.ne.jp,Female
Zola Bryers,zbryersco@tmall.com,Female
Teresina Hovee,thoveecp@furl.net,Female
Tabb Greenhough,tgreenhoughcq@statcounter.com,Male
Edin Mathewson,emathewsoncr@bloglines.com,Female
Gennifer Tommasetti,gtommasettics@samsung.com,Female
Ethan Brunsden,ebrunsdenct@ucoz.com,Male
Gauthier Elstone,gelstonecu@nature.com,Male
Theodosia Bristow,tbristowcv@ameblo.jp,Female
Rubin Giraudou,rgiraudoucw@wisc.edu,Male
Faith Folshom,ffolshomcx@oaic.gov.au,Female
Ruby Mountfort,rmountfortcy@flavors.me,Male
Gawain Cuerdale,gcuerdalecz@auda.org.au,Male
Jerad Richings,jrichingsd0@patch.com,Male
Gipsy Wannop,gwannopd1@wix.com,Female
Philis Snarie,psnaried2@domainmarket.com,Female
Peirce Vahey,pvaheyd3@github.io,Genderqueer
Dov Sighart,dsighartd4@bloglovin.com,Male
Margaretta Ceschelli,mceschellid5@squarespace.com,Female
Myrtia Kirman,mkirmand6@army.mil,Female
Albie Stocken,astockend7@hp.com,Male
Skelly Bjorkan,sbjorkand8@senate.gov,Male
Hana MacFadyen,hmacfadyend9@mit.edu,Female
Johann Brisland,jbrislandda@zdnet.com,Male
Chanda McDonnell,cmcdonnelldb@booking.com,Female
Louisette Grand,lgranddc@tmall.com,Female
Theodoric Atheis,tatheisdd@slate.com,Male
Coral Cutting,ccuttingde@sfgate.com,Female
Antin Slot,aslotdf@imdb.com,Male
Korey De Cleyne,kdedg@pcworld.com,Male
Tonia Broadey,tbroadeydh@fda.gov,Female
Tony Marke,tmarkedi@bloomberg.com,Male
Ike Gair,igairdj@wisc.edu,Male
Gay Musico,gmusicodk@slate.com,Female
Bailie MacAree,bmacareedl@cnet.com,Male
Robin Clemens,rclemensdm@networksolutions.com,Male
Benn Test,btestdn@hexun.com,Male
Herve Pree,hpreedo@nationalgeographic.com,Male
Nelle Gladden,ngladdendp@biblegateway.com,Female
Irwin Jesper,ijesperdq@nytimes.com,Male
Alica Steanyng,asteanyngdr@tripadvisor.com,Female
Kin Antill,kantillds@reuters.com,Non-binary
Nestor Connick,nconnickdt@buzzfeed.com,Male
Gerianna Pedrick,gpedrickdu@ca.gov,Female
Di Casassa,dcasassadv@uol.com.br,Female
Emelia Riste,eristedw@ucla.edu,Bigender
Hendrik Gullick,hgullickdx@mozilla.com,Male
Franklin MacEveley,fmaceveleydy@prweb.com,Male
Ettore Mabbitt,emabbittdz@usa.gov,Male
Jean Brayshay,jbrayshaye0@mashable.com,Male
Dominik Baseke,dbasekee1@example.com,Male
Paige Hitcham,phitchame2@stanford.edu,Female
Early Milillo,emililloe3@wp.com,Male
Prent Snalom,psnalome4@addthis.com,Male
Meggi Delacourt,mdelacourte5@canalblog.com,Female
Paddie Lebond,plebonde6@hugedomains.com,Male
Riley Nial,rniale7@timesonline.co.uk,Agender
Constantia Mc Pake,cmce8@buzzfeed.com,Female
Thaddus Benford,tbenforde9@mlb.com,Male
Eustacia Casperri,ecasperriea@behance.net,Female
Dukey Queenborough,dqueenborougheb@bigcartel.com,Male
Noami Steggles,nstegglesec@imageshack.us,Female
Birgitta O'Downe,bodowneed@unicef.org,Female
Courtenay Grzelak,cgrzelakee@t.co,Female
Aimee McConaghy,amcconaghyef@yolasite.com,Female
Chlo Hackforth,chackfortheg@businessinsider.com,Female
Kelli Balser,kbalsereh@latimes.com,Female
Ellsworth Lethabridge,elethabridgeei@surveymonkey.com,Male
Kingsley Orrom,korromej@acquirethisname.com,Male
Cad O'Cleary,coclearyek@flavors.me,Male
Janella Gumme,jgummeel@samsung.com,Female
Dorise Maymond,dmaymondem@icq.com,Female
Meg Callicott,mcallicotten@lulu.com,Female
Opaline Swarbrick,oswarbrickeo@bandcamp.com,Female
Chet Buse,cbuseep@artisteer.com,Male
Noelyn Schurcke,nschurckeeq@nih.gov,Female
Hilary Newburn,hnewburner@paypal.com,Male
Bink Hargroves,bhargroveses@imdb.com,Agender
Sal Antonignetti,santonignettiet@ox.ac.uk,Male
Christabel Adamov,cadamoveu@census.gov,Female
Mario Driver,mdriverev@biblegateway.com,Male
Pierette Isaak,pisaakew@hp.com,Female
Malina Pennings,mpenningsex@google.pl,Female
Stillmann Bebbell,sbebbelley@state.gov,Genderqueer
Hamlin Girardoni,hgirardoniez@washingtonpost.com,Male
Gilberta Kreutzer,gkreutzerf0@noaa.gov,Female
Faulkner Grew,fgrewf1@springer.com,Male
Gilbertina Truckett,gtruckettf2@ow.ly,Female
Augusto Halburton,ahalburtonf3@japanpost.jp,Male
Scarface Cowburn,scowburnf4@timesonline.co.uk,Male
Ado McAloren,amcalorenf5@bloglines.com,Agender
Kendra Damant,kdamantf6@netlog.com,Female
Domini Brunn,dbrunnf7@hostgator.com,Female
Darryl Gahan,dgahanf8@census.gov,Male
Bowie Backler,bbacklerf9@newsvine.com,Male
Joseph Dax,jdaxfa@cbsnews.com,Male
Johnny Gorrie,jgorriefb@buzzfeed.com,Male
Dee Waber,dwaberfc@dot.gov,Female
Suzann Trott,strottfd@usgs.gov,Female
Ettore McDade,emcdadefe@joomla.org,Male
Elvina Sate,esateff@foxnews.com,Female
Enrico Pippard,epippardfg@ocn.ne.jp,Genderfluid
Elberta Lumber,elumberfh@bbc.co.uk,Female
Kelly Challiss,kchallissfi@mit.edu,Male
Ludwig Pentelo,lpentelofj@163.com,Male
Stephana Boniface,sbonifacefk@yelp.com,Female
Alisha Elkin,aelkinfl@nifty.com,Genderqueer
Hatti Manneville,hmannevillefm@edublogs.org,Female
Karrie Anyene,kanyenefn@multiply.com,Female
Tad Fritschel,tfritschelfo@google.co.jp,Male
Joshua Goodered,jgooderedfp@oaic.gov.au,Male
Lebbie Kuhndel,lkuhndelfq@engadget.com,Female
Theo Garritley,tgarritleyfr@whitehouse.gov,Male
Sigismond Burds,sburdsfs@narod.ru,Male
Joelle MacGettigen,jmacgettigenft@paypal.com,Female
Lanae McFade,lmcfadefu@indiegogo.com,Female
Noak Smaridge,nsmaridgefv@reference.com,Male
Adrian Hobble,ahobblefw@answers.com,Male
Kippy Caselli,kcasellifx@amazon.com,Female
Valli Mil,vmilfy@princeton.edu,Female
Konrad Dast,kdastfz@odnoklassniki.ru,Male
Leeland Annion,lanniong0@bizjournals.com,Male
Lonny Gertray,lgertrayg1@fda.gov,Male
Murry Weatherdon,mweatherdong2@dedecms.com,Male
Heinrik I'anson,hiansong3@i2i.jp,Genderfluid
Johnnie Collyear,jcollyearg4@google.nl,Male
Vasily Benting,vbentingg5@unicef.org,Male
Vin Ryal,vryalg6@twitter.com,Bigender
Gaelan Tawton,gtawtong7@adobe.com,Male
Tabor Avrahamov,tavrahamovg8@utexas.edu,Male
Darwin Dominec,ddominecg9@i2i.jp,Male
Tiphanie Czajkowski,tczajkowskiga@topsy.com,Agender
Cherin Lowre,clowregb@flavors.me,Female
Dane McGowing,dmcgowinggc@xing.com,Male
Jolie Feathersby,jfeathersbygd@google.com.hk,Female
Bentley Sennett,bsennettge@i2i.jp,Male
Mahmud Chicchetto,mchicchettogf@paginegialle.it,Non-binary
Davis Sickamore,dsickamoregg@technorati.com,Male
Isador Luna,ilunagh@live.com,Agender
Gasparo Wilcock,gwilcockgi@blogtalkradio.com,Male
Gaven Maybey,gmaybeygj@dyndns.org,Male
Mart Trudgeon,mtrudgeongk@dedecms.com,Male
Serena Kosiada,skosiadagl@theguardian.com,Female
Putnem Brayfield,pbrayfieldgm@blogtalkradio.com,Male
Mildrid Terrill,mterrillgn@ask.com,Female
Candis Humbell,chumbellgo@howstuffworks.com,Female
Kennie Simione,ksimionegp@yahoo.com,Male
Jobina Benediktsson,jbenediktssongq@scientificamerican.com,Female
Hilliard Scimone,hscimonegr@theatlantic.com,Male
Malia Barnfather,mbarnfathergs@tumblr.com,Female
Barny Hambribe,bhambribegt@soup.io,Male
Carolyn Tyson,ctysongu@house.gov,Female
Emmery Matlock,ematlockgv@a8.net,Male
Cathleen Posse,cpossegw@histats.com,Female
Timmy Witheford,twithefordgx@kickstarter.com,Male
Nataniel Flanner,nflannergy@51.la,Male
Thorpe Tosh,ttoshgz@ycombinator.com,Male
Blondy Roadnight,broadnighth0@meetup.com,Female
Angelica Foat,afoath1@earthlink.net,Genderfluid
Nicolai Samuels,nsamuelsh2@ameblo.jp,Male
Washington Rubke,wrubkeh3@fastcompany.com,Male
Antoine Peschka,apeschkah4@delicious.com,Male
Frasco Coyle,fcoyleh5@zimbio.com,Male
Gustie Shaw,gshawh6@baidu.com,Female
Port Carr,pcarrh7@unesco.org,Male
Jerrie Acaster,jacasterh8@alexa.com,Male
Grannie Dochon,gdochonh9@wunderground.com,Male
Frederick Osman,fosmanha@squidoo.com,Male
Cindie Arckoll,carckollhb@imdb.com,Female
Dannel Devericks,ddeverickshc@symantec.com,Male
Mildrid Burnside,mburnsidehd@economist.com,Female
Joanne Cornforth,jcornforthhe@icio.us,Genderfluid
Dixie Grzelewski,dgrzelewskihf@gnu.org,Female
Alexandr Espinas,aespinashg@apache.org,Male
Pauline Salkild,psalkildhh@opensource.org,Female
Wakefield Degli Abbati,wdeglihi@mediafire.com,Male
Nickie Oxenbury,noxenburyhj@woothemes.com,Male
Normy Hinrichsen,nhinrichsenhk@icq.com,Genderqueer
Jacquette Ottosen,jottosenhl@nytimes.com,Female
Jamill Gouldstone,jgouldstonehm@amazon.com,Male
Ag Hembry,ahembryhn@sbwire.com,Female
Moore Eyre,meyreho@e-recht24.de,Male
Lief Vido,lvidohp@google.co.jp,Genderfluid
Mollie Fagge,mfaggehq@pbs.org,Female
Lenore Saiens,lsaienshr@merriam-webster.com,Female
Christel Petken,cpetkenhs@usgs.gov,Female
Lauraine Woolaghan,lwoolaghanht@phpbb.com,Female
Brynn Bonson,bbonsonhu@slate.com,Female
Lilly Mitkcov,lmitkcovhv@ehow.com,Female
Carmelia D'Agostini,cdagostinihw@woothemes.com,Female
Matias Gregolin,mgregolinhx@go.com,Male
Stacee Clemmens,sclemmenshy@gizmodo.com,Male
Cathee Ledes,cledeshz@trellian.com,Female
Aurlie Guiel,aguieli0@ox.ac.uk,Female
Veda Garnam,vgarnami1@redcross.org,Female
Chester Royse,croysei2@dell.com,Male
Emilio Waber,ewaberi3@freewebs.com,Male
Joanna Glassard,jglassardi4@phpbb.com,Female
Athene Hall,ahalli5@lulu.com,Bigender
Jacquette Buche,jbuchei6@dedecms.com,Female
Vivyan Rushmer,vrushmeri7@lulu.com,Female
Ronalda Walklate,rwalklatei8@arstechnica.com,Female
Casar Strass,cstrassi9@weather.com,Bigender
Mordecai Crick,mcrickia@lycos.com,Male
Anderea Tambling,atamblingib@quantcast.com,Female
Kaylee McAnulty,kmcanultyic@qq.com,Female
Sutherlan Pond-Jones,spondjonesid@feedburner.com,Male
Egor Truce,etruceie@cyberchimps.com,Male
Dosi Adame,dadameif@dot.gov,Female
Cilka Ruseworth,cruseworthig@huffingtonpost.com,Genderqueer
Donnie Predohl,dpredohlih@over-blog.com,Polygender
Dona Iacovino,diacovinoii@plala.or.jp,Female
Lyndel Feeley,lfeeleyij@last.fm,Female
Aubrette Bembridge,abembridgeik@ihg.com,Female
Martyn Cholonin,mcholoninil@google.com.au,Male
Kele Jermy,kjermyim@engadget.com,Male
Maxim Bartoszinski,mbartoszinskiin@tiny.cc,Male
Gib Mundell,gmundellio@cnet.com,Male
Kev Murdy,kmurdyip@pagesperso-orange.fr,Male
Natasha Webberley,nwebberleyiq@tumblr.com,Female
Tish Conor,tconorir@senate.gov,Female
Marylynne Bolsover,mbolsoveris@twitter.com,Female
Chaddy Labrenz,clabrenzit@msn.com,Male
Brittaney Giacobillo,bgiacobilloiu@hatena.ne.jp,Female
Kimbell Joost,kjoostiv@illinois.edu,Male
Nobe Paudin,npaudiniw@illinois.edu,Male
Griswold MacKenney,gmackenneyix@theguardian.com,Male
Barn Loughren,bloughreniy@un.org,Male
Abbott Grafham,agrafhamiz@ibm.com,Male
Luciano Siss,lsissj0@usatoday.com,Male
Denyse Cramond,dcramondj1@java.com,Female
Timothy Halfacree,thalfacreej2@weebly.com,Male
Gilly Leisk,gleiskj3@twitter.com,Female
Harriott Jefferson,hjeffersonj4@zdnet.com,Female
Denis Cantor,dcantorj5@amazon.de,Male
Fionnula Print,fprintj6@issuu.com,Female
Reagan Blesing,rblesingj7@bizjournals.com,Male
Jeniece Silverthorn,jsilverthornj8@a8.net,Female
Myriam O' Dooley,moj9@blog.com,Female
Mitch Dubbin,mdubbinja@techcrunch.com,Male
Harcourt Pepi,hpepijb@digg.com,Male
Mathew Dillestone,mdillestonejc@amazon.co.jp,Male
Polly Arnell,parnelljd@wikispaces.com,Female
Lesley Tethcote,ltethcoteje@google.ru,Male
Koralle Bennedick,kbennedickjf@craigslist.org,Female
Michal Glede,mgledejg@cnn.com,Male
Giorgio Marson,gmarsonjh@webeden.co.uk,Polygender
Town Caseri,tcaseriji@cnet.com,Male
Priscilla Helgass,phelgassjj@time.com,Female
Malinda Antonescu,mantonescujk@google.nl,Female
Ezekiel Rillstone,erillstonejl@princeton.edu,Male
Ker Kuban,kkubanjm@taobao.com,Male
Flora Veltman,fveltmanjn@reverbnation.com,Female
Darin De Nisco,ddejo@eepurl.com,Bigender
Bobbee Edwicke,bedwickejp@google.co.jp,Female
Lynea Cremins,lcreminsjq@answers.com,Female
Crista Simion,csimionjr@ustream.tv,Female
Edgar Fitzharris,efitzharrisjs@yelp.com,Male
Charley Mudge,cmudgejt@dropbox.com,Male
Berkley Kanter,bkanterju@wsj.com,Male
Marguerite Wibberley,mwibberleyjv@cdc.gov,Female
Gannon Kilcoyne,gkilcoynejw@de.vu,Male
Ric Marages,rmaragesjx@ow.ly,Male
Ellary Juara,ejuarajy@sfgate.com,Male
Jeramey Mawhinney,jmawhinneyjz@tiny.cc,Male
Pail Leivesley,pleivesleyk0@webs.com,Male
Michelina Pocke,mpockek1@qq.com,Female
Angelia Carreyette,acarreyettek2@posterous.com,Female
Elaina Catchpole,ecatchpolek3@independent.co.uk,Female
Gaston Clemits,gclemitsk4@ifeng.com,Male
Cletus Mauro,cmaurok5@yellowpages.com,Male
Clevey Voase,cvoasek6@wired.com,Bigender
Garwin Megarry,gmegarryk7@wikimedia.org,Non-binary
Blane Surmon,bsurmonk8@cloudflare.com,Male
Laure Romanin,lromanink9@techcrunch.com,Female
Zarla Caesar,zcaesarka@istockphoto.com,Female
Waneta Plet,wpletkb@lycos.com,Female
Olin Farherty,ofarhertykc@indiegogo.com,Male
Zollie Bengough,zbengoughkd@mapquest.com,Male
Jeramie Kayley,jkayleyke@microsoft.com,Male
Lebbie Cerith,lcerithkf@github.com,Female
Brear Hardern,bhardernkg@creativecommons.org,Female
Kasper Coslett,kcoslettkh@bandcamp.com,Male
Orazio Rittmeier,orittmeierki@buzzfeed.com,Male
Daisy Leathart,dleathartkj@cocolog-nifty.com,Female
Melva Kimmince,mkimmincekk@networkadvertising.org,Female
Nicole Wall,nwallkl@ox.ac.uk,Female
Noby Harbour,nharbourkm@networksolutions.com,Male
Ginger Sainz,gsainzkn@alibaba.com,Male
Giulio Lazenby,glazenbyko@ezinearticles.com,Male
Maure Plinck,mplinckkp@loc.gov,Female
Philipa Westmarland,pwestmarlandkq@msn.com,Female
Hayes Bangs,hbangskr@huffingtonpost.com,Male
Emmalynn Smartman,esmartmanks@miibeian.gov.cn,Non-binary
Brew Ashelford,bashelfordkt@mashable.com,Male
Johann Sparks,jsparksku@lycos.com,Male
Piotr Gannicott,pgannicottkv@dropbox.com,Male
Rex Spalton,rspaltonkw@parallels.com,Male
Estevan Ashenhurst,eashenhurstkx@diigo.com,Male
Ezequiel Norley,enorleyky@wufoo.com,Male
Andra Buller,abullerkz@illinois.edu,Female
Nikolaus Hubberstey,nhubbersteyl0@livejournal.com,Male
Doy Bale,dbalel1@harvard.edu,Male
Gran Schoular,gschoularl2@unblog.fr,Male
Valentijn Edison,vedisonl3@wufoo.com,Male
Nahum Schirach,nschirachl4@sina.com.cn,Male
Janine Bretland,jbretlandl5@amazonaws.com,Bigender
Wyatt Kellen,wkellenl6@google.com.hk,Male
Mathilda Lakeland,mlakelandl7@auda.org.au,Bigender
Kyle Adshede,kadshedel8@cargocollective.com,Female
Robinia Burtwhistle,rburtwhistlel9@sina.com.cn,Female
Damaris Kinnard,dkinnardla@bbc.co.uk,Female
Mylo Zuanelli,mzuanellilb@instagram.com,Male
Wilt Woollam,wwoollamlc@ucoz.com,Male
Roxi Wolfit,rwolfitld@princeton.edu,Female
Teodor Robeiro,trobeirole@jugem.jp,Male
Hill Clausen-Thue,hclausenthuelf@domainmarket.com,Male
Madge Letteresse,mletteresselg@slashdot.org,Female
Arnaldo Novis,anovislh@devhub.com,Male
Godfrey Giacomelli,ggiacomellili@wufoo.com,Male
Rosalyn Bernocchi,rbernocchilj@last.fm,Female
Ethe Tivers,etiverslk@twitpic.com,Male
Pamella Buxcey,pbuxceyll@marriott.com,Agender
Ingemar Healks,ihealkslm@friendfeed.com,Male
Teador Dungey,tdungeyln@netlog.com,Male
Twila Gerdts,tgerdtslo@symantec.com,Female
Onida Boat,oboatlp@360.cn,Female
Hersch Carnalan,hcarnalanlq@creativecommons.org,Male
Siouxie Ogelsby,sogelsbylr@scientificamerican.com,Female
Adolphe Spancock,aspancockls@answers.com,Male
Augustine Cheine,acheinelt@bbb.org,Female
Garvey Wyke,gwykelu@who.int,Male
Archy Lowrance,alowrancelv@state.gov,Male
Tricia Egel,tegellw@redcross.org,Female
Silvano Annand,sannandlx@chron.com,Agender
Ely Mirams,emiramsly@nps.gov,Male
Fons Rountree,frountreelz@timesonline.co.uk,Male
Cass Melloi,cmelloim0@google.fr,Male
Zacharias Pavia,zpaviam1@virginia.edu,Male
Robby Elfe,relfem2@slate.com,Male
Pacorro Ripper,pripperm3@ebay.co.uk,Male
Vidovic Carbine,vcarbinem4@accuweather.com,Male
Johny Abrahim,jabrahimm5@deliciousdays.com,Male
Kaylil Saltsberger,ksaltsbergerm6@businessinsider.com,Female
Clemmy Drissell,cdrissellm7@geocities.com,Male
Angie Jans,ajansm8@umich.edu,Male
Obidiah Climance,oclimancem9@wufoo.com,Male
Ramona Domeney,rdomeneyma@merriam-webster.com,Female
Laney Groome,lgroomemb@weather.com,Female
Flore Banes,fbanesmc@wix.com,Female
Jerald Haglington,jhaglingtonmd@cloudflare.com,Male
Dyanne Sworne,dsworneme@flickr.com,Female
Yuma Snaddon,ysnaddonmf@stumbleupon.com,Male
Camille Tuffey,ctuffeymg@studiopress.com,Female
Orsola Levermore,olevermoremh@amazon.de,Agender
Renata Reader,rreadermi@mediafire.com,Female
Tremain Perrigo,tperrigomj@seattletimes.com,Genderfluid
Gretel Mechell,gmechellmk@goo.gl,Female
Audie Jelly,ajellyml@foxnews.com,Female
Rosabelle Gasperi,rgasperimm@chron.com,Genderqueer
Corette Bergeau,cbergeaumn@fotki.com,Female
Glyn Hobell,ghobellmo@census.gov,Female
Valentijn Meriton,vmeritonmp@latimes.com,Male
Ediva Bruty,ebrutymq@google.ca,Female
Wandie Bing,wbingmr@youtu.be,Female
Berti Simeone,bsimeonems@yolasite.com,Male
Harmonia Tilney,htilneymt@wikia.com,Female
Danika Murfill,dmurfillmu@answers.com,Female
Darby Snaddin,dsnaddinmv@theatlantic.com,Male
Karlee Blazek,kblazekmw@symantec.com,Female
Tripp Piotrkowski,tpiotrkowskimx@xrea.com,Male
Nigel Bugbee,nbugbeemy@addthis.com,Male
Alane Jonathon,ajonathonmz@hibu.com,Female
Stacey La Padula,slan0@fc2.com,Female
Gilbertina Cettell,gcettelln1@ow.ly,Female
Udale McKirton,umckirtonn2@sohu.com,Male
Hazel Kinzett,hkinzettn3@smh.com.au,Female
Glennie Cruickshanks,gcruickshanksn4@qq.com,Female
Terrel Edmund,tedmundn5@multiply.com,Male
Padgett Bows,pbowsn6@bigcartel.com,Bigender
Sheena Gutteridge,sgutteridgen7@geocities.jp,Female
Consuela Camings,ccamingsn8@dot.gov,Female
Colman Deas,cdeasn9@arstechnica.com,Male
Chico Louiset,clouisetna@china.com.cn,Male
Katey Southworth,ksouthworthnb@vinaora.com,Female
Mia Greated,mgreatednc@google.co.jp,Female
Henri Canete,hcanetend@google.com,Male
Benedetto Clemmens,bclemmensne@spotify.com,Male
Nancie Stetlye,nstetlyenf@smugmug.com,Female
Patty Beardshall,pbeardshallng@furl.net,Female
Louis Coghlan,lcoghlannh@purevolume.com,Male
Krispin Wilkenson,kwilkensonni@google.com,Male
Kassandra Kalinsky,kkalinskynj@ebay.co.uk,Female
Grady Kocher,gkochernk@wikispaces.com,Male
Gregorio McLauchlin,gmclauchlinnl@ihg.com,Male
Aileen Tie,atienm@engadget.com,Female
Salaidh Galtone,sgaltonenn@technorati.com,Bigender
Lindsey Partkya,lpartkyano@drupal.org,Male
Llywellyn Lawrance,llawrancenp@blinklist.com,Male
Donnajean Filip,dfilipnq@friendfeed.com,Female
Hedda Labrom,hlabromnr@epa.gov,Female
Talia Ivatt,tivattns@independent.co.uk,Female
Artur Baleine,abaleinent@elegantthemes.com,Male
Giulietta Dunkerley,gdunkerleynu@4shared.com,Female
Vance Ruddom,vruddomnv@google.ca,Male
Dorena Shipcott,dshipcottnw@senate.gov,Female
Hermine Woodcroft,hwoodcroftnx@reddit.com,Female
Ronda Rizon,rrizonny@quantcast.com,Female
Wynne Kristiansen,wkristiansennz@berkeley.edu,Female
Antonin Dublin,adublino0@usgs.gov,Male
Alvie Ambler,aamblero1@goo.gl,Male
Miguel Demeza,mdemezao2@stanford.edu,Male
Godfree Cranch,gcrancho3@scientificamerican.com,Male
Becki Furmonger,bfurmongero4@spotify.com,Female
Benoit Purchase,bpurchaseo5@ox.ac.uk,Male
Bastien Cowx,bcowxo6@wikia.com,Male
Edita Canedo,ecanedoo7@qq.com,Female
Miranda Thomelin,mthomelino8@parallels.com,Female
Rory Snoddon,rsnoddono9@google.co.uk,Male
Swen Adams,sadamsoa@economist.com,Male
Hirsch Desporte,hdesporteob@hubpages.com,Male
Penelope Sprules,psprulesoc@addthis.com,Female
Hali Comberbach,hcomberbachod@xinhuanet.com,Female
Fabian Linzey,flinzeyoe@earthlink.net,Male
Burr Moniker,bmonikerof@google.co.jp,Male
Sabra Haseley,shaseleyog@blogtalkradio.com,Female
Delphinia Miguet,dmiguetoh@macromedia.com,Female
Fredric Cerman,fcermanoi@oakley.com,Male
Blinnie Wind,bwindoj@ibm.com,Female
Karyn Poyser,kpoyserok@hibu.com,Female
Fanni Naismith,fnaismithol@usatoday.com,Female
Quinn Dutnell,qdutnellom@nbcnews.com,Female
Allene Sellar,asellaron@ihg.com,Female
Kayley Insall,kinsalloo@mac.com,Female
Reid Frankcombe,rfrankcombeop@nymag.com,Genderqueer
Tulley Dobrowski,tdobrowskioq@pbs.org,Male
Ros Knight,rknightor@ft.com,Female
Ikey Pettie,ipettieos@mozilla.org,Male
Nevsa Kynastone,nkynastoneot@toplist.cz,Female
Sullivan Crookshanks,scrookshanksou@jalbum.net,Male
Dorry Dybald,ddybaldov@rakuten.co.jp,Genderfluid
Leona Belasco,lbelascoow@scribd.com,Bigender
Yale Horstead,yhorsteadox@twitter.com,Male
Regen Mettrick,rmettrickoy@last.fm,Male
Malina Larkcum,mlarkcumoz@istockphoto.com,Female
Marissa Dorken,mdorkenp0@oakley.com,Female
Fredia Trevithick,ftrevithickp1@google.com.au,Female
Clint Gheeorghie,cgheeorghiep2@ameblo.jp,Bigender
Loleta Tacon,ltaconp3@vistaprint.com,Female
Mozelle Binder,mbinderp4@nymag.com,Female
Bryan Dinneges,bdinnegesp5@studiopress.com,Male
Jeni McRuvie,jmcruviep6@theatlantic.com,Female
Atalanta Mallabone,amallabonep7@spiegel.de,Female
Mic MacPhaden,mmacphadenp8@guardian.co.uk,Genderfluid
Kinsley Demange,kdemangep9@usa.gov,Male
Thaine Batchelder,tbatchelderpa@blogger.com,Male
Gustie Seiter,gseiterpb@census.gov,Female
Ailey Ruddoch,aruddochpc@eventbrite.com,Genderqueer
Ilse Sheppey,isheppeypd@slideshare.net,Female
Brander Sukbhans,bsukbhanspe@aol.com,Male
Danna Elstone,delstonepf@army.mil,Agender
Kordula Chiommienti,kchiommientipg@msu.edu,Female
Yorker Kinsey,ykinseyph@google.de,Male
Meriel Blowin,mblowinpi@ebay.co.uk,Female
Hashim Mathiasen,hmathiasenpj@edublogs.org,Male
Hadria Smalridge,hsmalridgepk@unicef.org,Female
Arney Lethbrig,alethbrigpl@yahoo.co.jp,Non-binary
Barbabas Bartalucci,bbartaluccipm@plala.or.jp,Male
Rhianna Broader,rbroaderpn@cnbc.com,Female
Karoly Pryde,kprydepo@smugmug.com,Male
Abraham Shawyers,ashawyerspp@ucoz.ru,Male
Iver Laydel,ilaydelpq@domainmarket.com,Male
Coleman Cuddy,ccuddypr@paypal.com,Male
Lilla Hedworth,lhedworthps@hao123.com,Female
Caty Ciccottini,cciccottinipt@acquirethisname.com,Female
Lief Crump,lcrumppu@list-manage.com,Male
Mayne Hallex,mhallexpv@163.com,Male
Hyacinthie Craisford,hcraisfordpw@sphinn.com,Female
Val Bulled,vbulledpx@sciencedirect.com,Female
Abbe Sherrocks,asherrockspy@flavors.me,Female
Early Allden,ealldenpz@techcrunch.com,Male
Phillie Spinnace,pspinnaceq0@themeforest.net,Female
Marlyn Coleby,mcolebyq1@xinhuanet.com,Female
Heloise Mougenel,hmougenelq2@hexun.com,Female
Napoleon Rodrigo,nrodrigoq3@bbc.co.uk,Male
Page Stapells,pstapellsq4@instagram.com,Male
Waring Lyes,wlyesq5@miitbeian.gov.cn,Male
Wilfred Gansbuhler,wgansbuhlerq6@microsoft.com,Male
Clarence Burress,cburressq7@nsw.gov.au,Male
Crista Titchmarsh,ctitchmarshq8@seattletimes.com,Female
Essie Steer,esteerq9@last.fm,Female
Davita Ivanchikov,divanchikovqa@jalbum.net,Female
Opaline Ingraham,oingrahamqb@newsvine.com,Agender
Leanna Blankenship,lblankenshipqc@over-blog.com,Female
Hesther Mucci,hmucciqd@businesswire.com,Female
Florella Peachey,fpeacheyqe@independent.co.uk,Female
Sharron Bahde,sbahdeqf@tamu.edu,Female
Tiffanie O'Flaverty,toflavertyqg@cdc.gov,Female
Brendon Flucker,bfluckerqh@blinklist.com,Male
Hedvige Drinkale,hdrinkaleqi@weather.com,Female
Brigham Kirwood,bkirwoodqj@geocities.com,Male
Olimpia O'Lennane,oolennaneqk@whitehouse.gov,Female
Warner Reisen,wreisenql@washingtonpost.com,Male
Janna Ramsell,jramsellqm@answers.com,Non-binary
Andrea Hullbrook,ahullbrookqn@unicef.org,Genderfluid
Flore Dunstone,fdunstoneqo@mapquest.com,Female
Lukas Milby,lmilbyqp@blogspot.com,Male
Thatcher Goodale,tgoodaleqq@naver.com,Male
Tiena Dunkinson,tdunkinsonqr@admin.ch,Female
Feliza Elkington,felkingtonqs@ibm.com,Female
Reynard Forton,rfortonqt@smugmug.com,Male
Una Linkin,ulinkinqu@artisteer.com,Female
Millicent Shelmardine,mshelmardineqv@yellowpages.com,Female
Collete Sanbrooke,csanbrookeqw@instagram.com,Female
Trix Lasslett,tlasslettqx@photobucket.com,Female
Carroll Greenhead,cgreenheadqy@hexun.com,Male
Aurelia Edling,aedlingqz@aol.com,Female
Costanza Thurman,cthurmanr0@techcrunch.com,Female
Aili Rief,ariefr1@cbc.ca,Female
Pasquale Treven,ptrevenr2@nytimes.com,Male
Sammy Ascrofte,sascrofter3@marketwatch.com,Male
Phillipp Geck,pgeckr4@toplist.cz,Male
Grant Saveall,gsaveallr5@sciencedirect.com,Male
Jacquenette Backes,jbackesr6@unblog.fr,Female
Duncan Taillant,dtaillantr7@elegantthemes.com,Male
Eberto Comi,ecomir8@imageshack.us,Male
Berny Broadbury,bbroadburyr9@acquirethisname.com,Female
Alden McVanamy,amcvanamyra@dell.com,Male
Jose Bamblett,jbamblettrb@bloomberg.com,Male
Yvonne Sandle,ysandlerc@google.cn,Female
Gaven Tiffney,gtiffneyrd@gmpg.org,Genderqueer
Pasquale Schohier,pschohierre@yale.edu,Male
Traci McAw,tmcawrf@myspace.com,Female
Biddy Wiles,bwilesrg@youtu.be,Female
Flin Shambroke,fshambrokerh@yellowbook.com,Male
Ambrose Scipsey,ascipseyri@mail.ru,Male
Norris Huggin,nhugginrj@hud.gov,Male
Ingra Napolione,inapolionerk@vk.com,Male
Doralynne Tomei,dtomeirl@harvard.edu,Female
Jacki Gatiss,jgatissrm@weather.com,Female
Izak Burrows,iburrowsrn@xrea.com,Male
Malvin Nilles,mnillesro@icio.us,Male
Rosaline Kelberer,rkelbererrp@illinois.edu,Female
Mill Enrdigo,menrdigorq@twitter.com,Male
Danyelle Kleszinski,dkleszinskirr@rakuten.co.jp,Bigender
